timestamp,track_id,bbox_top_x,bbox_top_y
14.001984,1865de45-e133-4a8f-b7ee-0643d133b77b,873.0812330384628,-298.04335454250963
14.335317,1865de45-e133-4a8f-b7ee-0643d133b77b,869.6534549042375,-295.5564958154133
14.66865,1865de45-e133-4a8f-b7ee-0643d133b77b,866.0205101569167,-292.9831480681965
15.001983,1865de45-e133-4a8f-b7ee-0643d133b77b,862.370144962562,-290.6955491873341
15.335316,1865de45-e133-4a8f-b7ee-0643d133b77b,858.8537571456975,-288.5534024217759
15.668649,1865de45-e133-4a8f-b7ee-0643d133b77b,855.2409923570468,-286.3305984073829
16.001982,1865de45-e133-4a8f-b7ee-0643d133b77b,851.557967366862,-284.01446272616647
16.335315,1865de45-e133-4a8f-b7ee-0643d133b77b,847.8889770519139,-281.5129428866655
16.668648,1865de45-e133-4a8f-b7ee-0643d133b77b,844.0103959284065,-278.93841491964696
17.001981,1865de45-e133-4a8f-b7ee-0643d133b77b,839.7372627881751,-276.6566036235047
17.335314,1865de45-e133-4a8f-b7ee-0643d133b77b,835.5794367436046,-274.4091948084366
17.668647,1865de45-e133-4a8f-b7ee-0643d133b77b,831.6294884127866,-272.09078157398915
18.00198,1865de45-e133-4a8f-b7ee-0643d133b77b,827.7961060658287,-269.6232097436604
18.335313,1865de45-e133-4a8f-b7ee-0643d133b77b,824.0676861757526,-267.0219039270588
73.668591,f6230528-6079-4c02-9f3e-dd0a2fd88b01,-382.7004253876003,-2747.7429475649333
74.001924,f6230528-6079-4c02-9f3e-dd0a2fd88b01,-382.4265621658051,-2744.551732632546
74.335257,f6230528-6079-4c02-9f3e-dd0a2fd88b01,-381.98899063657075,-2741.3792921037916
74.66859,f6230528-6079-4c02-9f3e-dd0a2fd88b01,-381.3532296832637,-2738.3856379316926
75.001923,f6230528-6079-4c02-9f3e-dd0a2fd88b01,-380.7591140909528,-2735.412889742767
75.335256,f6230528-6079-4c02-9f3e-dd0a2fd88b01,-380.375158671584,-2732.291275897426
75.668589,f6230528-6079-4c02-9f3e-dd0a2fd88b01,-379.95849610021,-2728.9918728195166
76.001922,f6230528-6079-4c02-9f3e-dd0a2fd88b01,-379.70067083514346,-2725.5471992633315
76.335255,f6230528-6079-4c02-9f3e-dd0a2fd88b01,-379.49239902794795,-2722.3690231062697
76.668588,f6230528-6079-4c02-9f3e-dd0a2fd88b01,-379.6591248857984,-2719.30338715506
77.001921,f6230528-6079-4c02-9f3e-dd0a2fd88b01,-380.0266767858309,-2716.1333979014353
77.335254,f6230528-6079-4c02-9f3e-dd0a2fd88b01,-380.2545831712583,-2712.7387264083886
77.668587,f6230528-6079-4c02-9f3e-dd0a2fd88b01,-380.5175162918437,-2709.3791790235186
78.00192,f6230528-6079-4c02-9f3e-dd0a2fd88b01,-380.96367585512303,-2705.955688843621
78.335253,f6230528-6079-4c02-9f3e-dd0a2fd88b01,-381.319036055054,-2702.456389809567
23.001975,307a806d-ce7f-4bb9-8d96-28e985edc303,1065.420181582666,1619.2384845969834
23.335308,307a806d-ce7f-4bb9-8d96-28e985edc303,1062.6297740468935,1620.9197280552005
15.668649,ee1395a1-4ecd-47fa-8824-c56eb67e0589,165.69813710376403,1293.8050092646238
16.001982,ee1395a1-4ecd-47fa-8824-c56eb67e0589,159.43004474684318,1293.7308429510886
16.335315,ee1395a1-4ecd-47fa-8824-c56eb67e0589,153.20558024057834,1293.4979506253064
16.668648,ee1395a1-4ecd-47fa-8824-c56eb67e0589,147.0268800889027,1293.269688407699
18.335313,c2a30e55-e8cf-4fae-9067-586793077e23,768.9651576916865,1147.264793112611
18.668646,c2a30e55-e8cf-4fae-9067-586793077e23,773.4653384255017,1147.0513349137636
19.001979,c2a30e55-e8cf-4fae-9067-586793077e23,777.8244713959948,1146.869034827214
19.335312,c2a30e55-e8cf-4fae-9067-586793077e23,782.1961923626719,1146.5990127298583
19.668645,c2a30e55-e8cf-4fae-9067-586793077e23,786.2831198674885,1146.5770826784217
20.001978,c2a30e55-e8cf-4fae-9067-586793077e23,790.3589726227057,1146.1889448145264
20.335311,c2a30e55-e8cf-4fae-9067-586793077e23,794.6123836756979,1145.4942782153596
20.668644,c2a30e55-e8cf-4fae-9067-586793077e23,798.6888391901309,1144.6851760017598
21.001977,c2a30e55-e8cf-4fae-9067-586793077e23,802.7044737456747,1143.9750827629491
21.33531,c2a30e55-e8cf-4fae-9067-586793077e23,806.5204799220729,1143.3835002813566
21.668643,c2a30e55-e8cf-4fae-9067-586793077e23,810.4074387527387,1142.9664307253033
22.001976,c2a30e55-e8cf-4fae-9067-586793077e23,814.3201012605919,1142.7396479781921
22.335309,c2a30e55-e8cf-4fae-9067-586793077e23,818.2256138144506,1142.6222840888825
22.668642,c2a30e55-e8cf-4fae-9067-586793077e23,821.8300157605042,1142.5423950354411
23.001975,c2a30e55-e8cf-4fae-9067-586793077e23,825.2420094752035,1142.5363717275955
23.335308,c2a30e55-e8cf-4fae-9067-586793077e23,828.4770214241441,1142.294913799625
23.668641,c2a30e55-e8cf-4fae-9067-586793077e23,831.4295772974127,1142.2413265028265
24.001974,c2a30e55-e8cf-4fae-9067-586793077e23,833.9296338190645,1142.2574854040065
24.335307,c2a30e55-e8cf-4fae-9067-586793077e23,836.3962186611964,1142.362420592506
24.66864,c2a30e55-e8cf-4fae-9067-586793077e23,838.5053285829081,1142.6724976134878
25.001973,c2a30e55-e8cf-4fae-9067-586793077e23,840.5077245612313,1143.1508641781234
40.668624,36eb612c-9f0a-47e2-bb56-74b08919c79e,488.2424926364187,-1358.0452003570913
41.001957,36eb612c-9f0a-47e2-bb56-74b08919c79e,487.562556020983,-1358.2078298772574
41.33529,36eb612c-9f0a-47e2-bb56-74b08919c79e,486.7328755639296,-1358.011497554698
41.668623,36eb612c-9f0a-47e2-bb56-74b08919c79e,486.1197323849681,-1357.5633985586628
42.001956,36eb612c-9f0a-47e2-bb56-74b08919c79e,485.3671468962893,-1357.2323260640098
42.335289,36eb612c-9f0a-47e2-bb56-74b08919c79e,484.55930672624953,-1356.948503596578
42.668622,36eb612c-9f0a-47e2-bb56-74b08919c79e,483.43528877130495,-1356.455533033454
43.001955,36eb612c-9f0a-47e2-bb56-74b08919c79e,482.0881890140498,-1356.0120360677395
43.335288,36eb612c-9f0a-47e2-bb56-74b08919c79e,480.74035843898406,-1355.5146074531624
43.668621,36eb612c-9f0a-47e2-bb56-74b08919c79e,479.28601802340614,-1354.6189084338307
44.001954,36eb612c-9f0a-47e2-bb56-74b08919c79e,477.79452031858165,-1353.8286413297062
44.335287,36eb612c-9f0a-47e2-bb56-74b08919c79e,476.5592207169434,-1352.77193739266
44.66862,36eb612c-9f0a-47e2-bb56-74b08919c79e,475.6318542831522,-1351.4635706813285
45.001953,36eb612c-9f0a-47e2-bb56-74b08919c79e,474.6796666931167,-1350.1561545163381
45.335286,36eb612c-9f0a-47e2-bb56-74b08919c79e,473.92292320638654,-1348.75604928633
61.001937,000df2bf-fb68-4a24-a42a-30a6414c7d07,1264.7375649546962,-273.4540747797262
61.33527,000df2bf-fb68-4a24-a42a-30a6414c7d07,1269.2312085733895,-274.75573130240616
61.668603,000df2bf-fb68-4a24-a42a-30a6414c7d07,1273.656291101367,-276.1849247668179
62.001936,000df2bf-fb68-4a24-a42a-30a6414c7d07,1278.1959951195818,-277.6784050148264
62.335269,000df2bf-fb68-4a24-a42a-30a6414c7d07,1282.6300451220538,-279.2883350746284
62.668602,000df2bf-fb68-4a24-a42a-30a6414c7d07,1286.8811706244003,-280.93319488527834
63.001935,000df2bf-fb68-4a24-a42a-30a6414c7d07,1291.2467477116886,-282.35388578023003
63.335268,000df2bf-fb68-4a24-a42a-30a6414c7d07,1295.6064774377505,-283.9955069313938
63.668601,000df2bf-fb68-4a24-a42a-30a6414c7d07,1299.9715137685018,-285.95061951248033
64.001934,000df2bf-fb68-4a24-a42a-30a6414c7d07,1304.301757612026,-288.12489185279225
64.335267,000df2bf-fb68-4a24-a42a-30a6414c7d07,1308.7360001214472,-290.47347021276914
64.6686,000df2bf-fb68-4a24-a42a-30a6414c7d07,1313.2705129765432,-292.8518651331006
65.001933,000df2bf-fb68-4a24-a42a-30a6414c7d07,1317.9145687746086,-295.17694109322815
75.335256,9fdde540-570d-4b43-bfe3-3e45d7078772,60.55850566236819,211.74927944645387
75.668589,9fdde540-570d-4b43-bfe3-3e45d7078772,62.80020699131992,211.68264455184584
76.001922,9fdde540-570d-4b43-bfe3-3e45d7078772,64.9023374206684,211.41295156601737
76.335255,9fdde540-570d-4b43-bfe3-3e45d7078772,66.95953513677836,211.27285480725578
76.668588,9fdde540-570d-4b43-bfe3-3e45d7078772,68.69482034530893,211.28195292076475
77.001921,9fdde540-570d-4b43-bfe3-3e45d7078772,70.29686164034369,211.55963106005362
77.335254,9fdde540-570d-4b43-bfe3-3e45d7078772,71.87975061122458,211.81906897642273
77.668587,9fdde540-570d-4b43-bfe3-3e45d7078772,73.65405513055926,211.98775323640947
78.00192,9fdde540-570d-4b43-bfe3-3e45d7078772,75.50438336318186,212.13938666903462
78.335253,9fdde540-570d-4b43-bfe3-3e45d7078772,77.36525124506981,212.10955278021268
81.001917,5a1cf9ad-79a9-4751-8b2c-7bbe68cd6a85,-267.19324550940235,-342.8125444572617
81.33525,5a1cf9ad-79a9-4751-8b2c-7bbe68cd6a85,-260.5410466503136,-343.30787732286836
48.00195,4d92ccdb-93c3-4eeb-a4c2-6aacf08f48b7,-1103.3282598801538,1430.6973717089302
48.335283,4d92ccdb-93c3-4eeb-a4c2-6aacf08f48b7,-1101.4350843326577,1427.219450354498
48.668616,4d92ccdb-93c3-4eeb-a4c2-6aacf08f48b7,-1099.506947894301,1423.723009192234
49.001949,4d92ccdb-93c3-4eeb-a4c2-6aacf08f48b7,-1098.0843476487446,1420.4040121297614
49.335282,4d92ccdb-93c3-4eeb-a4c2-6aacf08f48b7,-1097.0250175633307,1417.2781683554772
49.668615,4d92ccdb-93c3-4eeb-a4c2-6aacf08f48b7,-1095.9330440373349,1414.412558767188
50.001948,4d92ccdb-93c3-4eeb-a4c2-6aacf08f48b7,-1095.0080633492187,1411.4369953605294
50.335281,4d92ccdb-93c3-4eeb-a4c2-6aacf08f48b7,-1094.0433843785036,1408.6430040520363
50.668614,4d92ccdb-93c3-4eeb-a4c2-6aacf08f48b7,-1093.0108429315737,1405.7254926397093
51.001947,4d92ccdb-93c3-4eeb-a4c2-6aacf08f48b7,-1091.847708718659,1402.895771395721
51.33528,4d92ccdb-93c3-4eeb-a4c2-6aacf08f48b7,-1090.6172239468451,1399.8011220263938
51.668613,4d92ccdb-93c3-4eeb-a4c2-6aacf08f48b7,-1089.4519751998519,1396.532348779692
52.001946,4d92ccdb-93c3-4eeb-a4c2-6aacf08f48b7,-1088.3047496947497,1393.3186338367598
52.335279,4d92ccdb-93c3-4eeb-a4c2-6aacf08f48b7,-1087.0610979920227,1390.0835074691126
52.668612,4d92ccdb-93c3-4eeb-a4c2-6aacf08f48b7,-1085.6203988729894,1387.0163817918108
53.001945,4d92ccdb-93c3-4eeb-a4c2-6aacf08f48b7,-1084.060212812122,1384.181517338064
53.335278,4d92ccdb-93c3-4eeb-a4c2-6aacf08f48b7,-1082.3522698238253,1381.3804090246692
53.668611,4d92ccdb-93c3-4eeb-a4c2-6aacf08f48b7,-1080.681192755734,1378.5346801997546
54.001944,4d92ccdb-93c3-4eeb-a4c2-6aacf08f48b7,-1079.095181003087,1375.7107100390886
54.335277,4d92ccdb-93c3-4eeb-a4c2-6aacf08f48b7,-1077.572043741021,1372.9706947121836
54.66861,4d92ccdb-93c3-4eeb-a4c2-6aacf08f48b7,-1075.9447775281046,1370.2144545961041
55.001943,4d92ccdb-93c3-4eeb-a4c2-6aacf08f48b7,-1074.216682080087,1367.6260702136901
55.335276,4d92ccdb-93c3-4eeb-a4c2-6aacf08f48b7,-1072.426758607853,1365.0531398365038
55.668609,4d92ccdb-93c3-4eeb-a4c2-6aacf08f48b7,-1070.6139652991674,1362.4896045522569
56.001942,4d92ccdb-93c3-4eeb-a4c2-6aacf08f48b7,-1068.9205135765158,1360.0422604136086
56.335275,4d92ccdb-93c3-4eeb-a4c2-6aacf08f48b7,-1067.2630603160153,1357.6383060953433
56.668608,4d92ccdb-93c3-4eeb-a4c2-6aacf08f48b7,-1065.4141788761096,1355.1488968791807
57.001941,4d92ccdb-93c3-4eeb-a4c2-6aacf08f48b7,-1063.4174126323344,1352.7167118466496
57.335274,4d92ccdb-93c3-4eeb-a4c2-6aacf08f48b7,-1061.4592583536885,1350.2961371438237
57.668607,4d92ccdb-93c3-4eeb-a4c2-6aacf08f48b7,-1059.3906421698175,1347.8975073552758
58.00194,4d92ccdb-93c3-4eeb-a4c2-6aacf08f48b7,-1057.1191706445763,1345.6138931064418
58.335273,4d92ccdb-93c3-4eeb-a4c2-6aacf08f48b7,-1055.0407650304253,1343.3562115700156
58.668606,4d92ccdb-93c3-4eeb-a4c2-6aacf08f48b7,-1052.908316071676,1341.0917820914087
59.001939,4d92ccdb-93c3-4eeb-a4c2-6aacf08f48b7,-1050.5249028750616,1338.9933049957776
59.335272,4d92ccdb-93c3-4eeb-a4c2-6aacf08f48b7,-1048.0318409498634,1337.0270408868066
59.668605,4d92ccdb-93c3-4eeb-a4c2-6aacf08f48b7,-1045.804696081385,1335.05330661219
60.001938,4d92ccdb-93c3-4eeb-a4c2-6aacf08f48b7,-1043.5216455207287,1333.2604570974013
60.335271,4d92ccdb-93c3-4eeb-a4c2-6aacf08f48b7,-1041.2095692247183,1331.4497698652488
60.668604,4d92ccdb-93c3-4eeb-a4c2-6aacf08f48b7,-1038.8287403014476,1329.5972104066796
61.001937,4d92ccdb-93c3-4eeb-a4c2-6aacf08f48b7,-1036.5158588028062,1328.0433807071392
61.33527,4d92ccdb-93c3-4eeb-a4c2-6aacf08f48b7,-1034.2762318060784,1326.3876101592584
61.668603,4d92ccdb-93c3-4eeb-a4c2-6aacf08f48b7,-1032.0777157850346,1324.8204334237514
62.001936,4d92ccdb-93c3-4eeb-a4c2-6aacf08f48b7,-1029.9683227709697,1323.2555219031738
62.335269,4d92ccdb-93c3-4eeb-a4c2-6aacf08f48b7,-1028.1054463310136,1321.8529230986098
62.668602,4d92ccdb-93c3-4eeb-a4c2-6aacf08f48b7,-1026.3332050326876,1320.4939649425592
63.001935,4d92ccdb-93c3-4eeb-a4c2-6aacf08f48b7,-1024.4100652083903,1319.1346825811981
63.335268,4d92ccdb-93c3-4eeb-a4c2-6aacf08f48b7,-1022.6436351484704,1317.7430134365582
63.668601,4d92ccdb-93c3-4eeb-a4c2-6aacf08f48b7,-1020.8640083308338,1316.4855289497257
64.001934,4d92ccdb-93c3-4eeb-a4c2-6aacf08f48b7,-1019.1284954991704,1315.2495044752263
64.335267,4d92ccdb-93c3-4eeb-a4c2-6aacf08f48b7,-1017.5096603259444,1314.0375487941735
64.6686,4d92ccdb-93c3-4eeb-a4c2-6aacf08f48b7,-1016.0255823615971,1312.7892943266243
65.001933,4d92ccdb-93c3-4eeb-a4c2-6aacf08f48b7,-1014.7058994841483,1311.4560781306673
65.335266,4d92ccdb-93c3-4eeb-a4c2-6aacf08f48b7,-1013.5835644319786,1310.2204356950226
65.668599,4d92ccdb-93c3-4eeb-a4c2-6aacf08f48b7,-1012.4162682806324,1309.291046439878
66.001932,4d92ccdb-93c3-4eeb-a4c2-6aacf08f48b7,-1011.3727072016655,1308.3488672169888
66.335265,4d92ccdb-93c3-4eeb-a4c2-6aacf08f48b7,-1010.4096260813039,1307.5696437846937
66.668598,4d92ccdb-93c3-4eeb-a4c2-6aacf08f48b7,-1009.2081810942598,1307.0905622566206
67.001931,4d92ccdb-93c3-4eeb-a4c2-6aacf08f48b7,-1007.8650015488928,1306.6546510092544
67.335264,4d92ccdb-93c3-4eeb-a4c2-6aacf08f48b7,-1006.2882583803248,1306.3282765362453
67.668597,4d92ccdb-93c3-4eeb-a4c2-6aacf08f48b7,-1004.627755895459,1305.7164964230226
68.00193,4d92ccdb-93c3-4eeb-a4c2-6aacf08f48b7,-1003.1980039264463,1305.058109054544
68.335263,4d92ccdb-93c3-4eeb-a4c2-6aacf08f48b7,-1002.1120781231259,1304.542822485383
68.668596,4d92ccdb-93c3-4eeb-a4c2-6aacf08f48b7,-1000.8391174373406,1303.8527164796278
69.001929,4d92ccdb-93c3-4eeb-a4c2-6aacf08f48b7,-999.5599316745424,1303.2116860787942
69.335262,4d92ccdb-93c3-4eeb-a4c2-6aacf08f48b7,-998.0923603336361,1302.486950922956
69.668595,4d92ccdb-93c3-4eeb-a4c2-6aacf08f48b7,-996.5527906169593,1301.5862266960164
70.001928,4d92ccdb-93c3-4eeb-a4c2-6aacf08f48b7,-994.9347633718766,1300.716090253397
70.335261,4d92ccdb-93c3-4eeb-a4c2-6aacf08f48b7,-993.321811446682,1300.1118206169879
70.668594,4d92ccdb-93c3-4eeb-a4c2-6aacf08f48b7,-991.6833814437781,1299.7769436224899
71.001927,4d92ccdb-93c3-4eeb-a4c2-6aacf08f48b7,-989.78098598563,1299.3967478797447
71.33526,4d92ccdb-93c3-4eeb-a4c2-6aacf08f48b7,-987.6991787844511,1299.118935864787
71.668593,4d92ccdb-93c3-4eeb-a4c2-6aacf08f48b7,-985.4129893290486,1298.6202741847653
72.001926,4d92ccdb-93c3-4eeb-a4c2-6aacf08f48b7,-982.7949255556391,1298.0823718211536
72.335259,4d92ccdb-93c3-4eeb-a4c2-6aacf08f48b7,-979.9250365842706,1297.5093926232248
72.668592,4d92ccdb-93c3-4eeb-a4c2-6aacf08f48b7,-977.1658753860216,1296.8746558333887
73.001925,4d92ccdb-93c3-4eeb-a4c2-6aacf08f48b7,-974.5454994161571,1296.3659242863966
73.335258,4d92ccdb-93c3-4eeb-a4c2-6aacf08f48b7,-971.7407877081662,1295.9006688887177
73.668591,4d92ccdb-93c3-4eeb-a4c2-6aacf08f48b7,-968.8168315728645,1295.2085321882403
74.001924,4d92ccdb-93c3-4eeb-a4c2-6aacf08f48b7,-965.9153366758554,1294.3451630544996
74.335257,4d92ccdb-93c3-4eeb-a4c2-6aacf08f48b7,-963.1477941390683,1293.558322100092
74.66859,4d92ccdb-93c3-4eeb-a4c2-6aacf08f48b7,-960.3588221158393,1292.6507743880834
75.001923,4d92ccdb-93c3-4eeb-a4c2-6aacf08f48b7,-957.4718125994531,1291.8544441730962
75.335256,4d92ccdb-93c3-4eeb-a4c2-6aacf08f48b7,-954.6406024331318,1290.9942441771404
75.668589,4d92ccdb-93c3-4eeb-a4c2-6aacf08f48b7,-951.8416487884441,1290.1361476617092
76.001922,4d92ccdb-93c3-4eeb-a4c2-6aacf08f48b7,-949.0553610722011,1289.3491539488605
76.335255,4d92ccdb-93c3-4eeb-a4c2-6aacf08f48b7,-946.2437154240155,1288.74801539183
76.668588,4d92ccdb-93c3-4eeb-a4c2-6aacf08f48b7,-943.4481011600387,1288.2834057720945
77.001921,4d92ccdb-93c3-4eeb-a4c2-6aacf08f48b7,-940.7793475565863,1287.7122749412626
77.335254,4d92ccdb-93c3-4eeb-a4c2-6aacf08f48b7,-938.1073336800071,1287.148834902621
66.335265,0035db33-8919-449b-ad0f-372d22800670,614.4153513848562,1747.8412046618569
66.668598,0035db33-8919-449b-ad0f-372d22800670,610.2194021552189,1755.0739883531332
67.001931,0035db33-8919-449b-ad0f-372d22800670,606.0030769157404,1762.4504722825386
67.335264,0035db33-8919-449b-ad0f-372d22800670,601.7012549480132,1770.125235170218
67.668597,0035db33-8919-449b-ad0f-372d22800670,597.2599493718769,1777.9345371813365
68.00193,0035db33-8919-449b-ad0f-372d22800670,592.8192385728546,1785.8289195978275
68.335263,0035db33-8919-449b-ad0f-372d22800670,588.4230360614324,1793.7272359246522
68.668596,0035db33-8919-449b-ad0f-372d22800670,584.3083974424819,1801.632539899578
69.001929,0035db33-8919-449b-ad0f-372d22800670,580.2974503342168,1809.7003330048583
69.335262,0035db33-8919-449b-ad0f-372d22800670,576.2147397978495,1817.9010841081495
69.668595,0035db33-8919-449b-ad0f-372d22800670,571.9285724912844,1826.1523902748725
70.001928,0035db33-8919-449b-ad0f-372d22800670,567.8065280841381,1834.4681043380806
70.335261,0035db33-8919-449b-ad0f-372d22800670,563.9324322375079,1842.7950611155936
70.668594,0035db33-8919-449b-ad0f-372d22800670,560.1189464931457,1850.958738225014
71.001927,0035db33-8919-449b-ad0f-372d22800670,556.2845954684925,1859.3727174485116
71.33526,0035db33-8919-449b-ad0f-372d22800670,552.45296520629,1867.9646309317864
71.668593,0035db33-8919-449b-ad0f-372d22800670,548.6496847432547,1876.7060392468138
72.001926,0035db33-8919-449b-ad0f-372d22800670,544.9111639129209,1885.4827757682333
72.335259,0035db33-8919-449b-ad0f-372d22800670,541.2288197578335,1894.3934749046343
72.668592,0035db33-8919-449b-ad0f-372d22800670,537.465983225614,1903.4297310985346
68.335263,63db05ce-230b-4712-9cf1-61275527ad3e,-391.0361419542006,-755.7781390110362
68.668596,63db05ce-230b-4712-9cf1-61275527ad3e,-390.5084052621021,-752.6599037678741
69.001929,63db05ce-230b-4712-9cf1-61275527ad3e,-389.8619022817402,-749.2358027674297
69.335262,63db05ce-230b-4712-9cf1-61275527ad3e,-389.3635140435903,-745.8489559514925
69.668595,63db05ce-230b-4712-9cf1-61275527ad3e,-388.9892976700936,-742.5827784498349
70.001928,63db05ce-230b-4712-9cf1-61275527ad3e,-388.4859779833428,-739.3296311379181
70.335261,63db05ce-230b-4712-9cf1-61275527ad3e,-388.21504658562003,-736.2264819755707
70.668594,63db05ce-230b-4712-9cf1-61275527ad3e,-387.9832409045878,-733.2707379771336
71.001927,63db05ce-230b-4712-9cf1-61275527ad3e,-387.54125041339597,-730.4556020995981
71.33526,63db05ce-230b-4712-9cf1-61275527ad3e,-386.7999658229334,-727.9616539549575
71.668593,63db05ce-230b-4712-9cf1-61275527ad3e,-385.98223689737404,-725.6215905747052
72.001926,63db05ce-230b-4712-9cf1-61275527ad3e,-385.3250422485784,-723.5052376968988
72.335259,63db05ce-230b-4712-9cf1-61275527ad3e,-384.47196292076984,-721.3993346504374
72.668592,63db05ce-230b-4712-9cf1-61275527ad3e,-383.5927867636692,-719.2283155781553
73.001925,63db05ce-230b-4712-9cf1-61275527ad3e,-382.95295699491527,-717.1689816239434
73.335258,63db05ce-230b-4712-9cf1-61275527ad3e,-382.2628584298221,-715.1745366302912
73.668591,63db05ce-230b-4712-9cf1-61275527ad3e,-381.6942394496229,-713.3461029675286
74.001924,63db05ce-230b-4712-9cf1-61275527ad3e,-381.01403391012735,-711.5772852599479
74.335257,63db05ce-230b-4712-9cf1-61275527ad3e,-380.4741979697581,-709.7915211711447
74.66859,63db05ce-230b-4712-9cf1-61275527ad3e,-380.078119389478,-707.8140450214743
75.001923,63db05ce-230b-4712-9cf1-61275527ad3e,-379.7996217393594,-705.8056718997528
75.335256,63db05ce-230b-4712-9cf1-61275527ad3e,-379.4520807531767,-703.8467564230932
75.668589,63db05ce-230b-4712-9cf1-61275527ad3e,-379.1119963083677,-701.9160387772141
76.001922,63db05ce-230b-4712-9cf1-61275527ad3e,-378.71821912461917,-700.121246858636
76.335255,63db05ce-230b-4712-9cf1-61275527ad3e,-378.17355610742027,-698.3901898066747
76.668588,63db05ce-230b-4712-9cf1-61275527ad3e,-377.79911600158505,-696.3567703970405
77.001921,63db05ce-230b-4712-9cf1-61275527ad3e,-377.476634954747,-694.1409163764899
19.335312,a92b2320-b728-4726-b10e-8c7d272eddbf,393.1252812580667,-475.52485781324765
19.668645,a92b2320-b728-4726-b10e-8c7d272eddbf,392.23022801322605,-475.98990792371666
20.001978,a92b2320-b728-4726-b10e-8c7d272eddbf,391.3912562533824,-476.29799501847
20.335311,a92b2320-b728-4726-b10e-8c7d272eddbf,390.4522713585759,-476.5325559621818
20.668644,a92b2320-b728-4726-b10e-8c7d272eddbf,389.65782867402277,-476.8287964586919
21.001977,a92b2320-b728-4726-b10e-8c7d272eddbf,388.7483118109582,-477.0664348031926
21.33531,a92b2320-b728-4726-b10e-8c7d272eddbf,387.78206531399206,-477.24347655805485
21.668643,a92b2320-b728-4726-b10e-8c7d272eddbf,386.7817959832774,-477.40276220343816
22.001976,a92b2320-b728-4726-b10e-8c7d272eddbf,385.8618269940499,-477.52090669976576
22.335309,a92b2320-b728-4726-b10e-8c7d272eddbf,384.8180575030318,-477.5397246294816
22.668642,a92b2320-b728-4726-b10e-8c7d272eddbf,383.7296532687508,-477.5340320300979
23.001975,a92b2320-b728-4726-b10e-8c7d272eddbf,382.5967120061499,-477.7492367548636
23.335308,a92b2320-b728-4726-b10e-8c7d272eddbf,381.548126224067,-478.06637330240454
23.668641,a92b2320-b728-4726-b10e-8c7d272eddbf,380.6495269173633,-478.339215159195
24.001974,a92b2320-b728-4726-b10e-8c7d272eddbf,379.3979146442708,-478.5364189178748
24.335307,a92b2320-b728-4726-b10e-8c7d272eddbf,377.97067208978325,-478.560699777056
24.66864,a92b2320-b728-4726-b10e-8c7d272eddbf,376.56769560487743,-478.1955616923118
25.001973,a92b2320-b728-4726-b10e-8c7d272eddbf,375.44804520255764,-477.9563017810984
25.335306,a92b2320-b728-4726-b10e-8c7d272eddbf,374.1193315843205,-477.6927794196008
25.668639,a92b2320-b728-4726-b10e-8c7d272eddbf,372.77613178600325,-477.4576876888504
26.001972,a92b2320-b728-4726-b10e-8c7d272eddbf,371.25663507500906,-477.0528463461577
26.335305,a92b2320-b728-4726-b10e-8c7d272eddbf,369.8329841650963,-476.62599730479326
26.668638,a92b2320-b728-4726-b10e-8c7d272eddbf,368.36224874160973,-476.29162915782496
27.001971,a92b2320-b728-4726-b10e-8c7d272eddbf,366.9228181175137,-475.92463172268003
27.335304,a92b2320-b728-4726-b10e-8c7d272eddbf,365.5336468016246,-475.7015247567302
27.668637,a92b2320-b728-4726-b10e-8c7d272eddbf,364.00644861562006,-475.9871999041729
28.00197,a92b2320-b728-4726-b10e-8c7d272eddbf,362.58948598207775,-476.17444754483614
28.335303,a92b2320-b728-4726-b10e-8c7d272eddbf,361.1932287265379,-476.3747728237392
28.668636,a92b2320-b728-4726-b10e-8c7d272eddbf,359.74725651923393,-476.65256295415793
29.001969,a92b2320-b728-4726-b10e-8c7d272eddbf,358.35223766404505,-476.872417931111
29.335302,a92b2320-b728-4726-b10e-8c7d272eddbf,357.384567800322,-477.03804246482844
29.668635,a92b2320-b728-4726-b10e-8c7d272eddbf,356.5190084406965,-477.1028476856779
30.001968,a92b2320-b728-4726-b10e-8c7d272eddbf,355.80732808819795,-477.088871521697
30.335301,a92b2320-b728-4726-b10e-8c7d272eddbf,355.19423118660393,-477.1078432968128
30.668634,a92b2320-b728-4726-b10e-8c7d272eddbf,354.74760393068533,-477.07476093330405
31.001967,a92b2320-b728-4726-b10e-8c7d272eddbf,354.2176380778605,-477.20671663811953
31.3353,a92b2320-b728-4726-b10e-8c7d272eddbf,353.53098079386956,-477.11777751573834
31.668633,a92b2320-b728-4726-b10e-8c7d272eddbf,352.59506051031565,-477.0063257745376
32.001966,a92b2320-b728-4726-b10e-8c7d272eddbf,351.72516452006914,-476.83990889861093
32.335299,a92b2320-b728-4726-b10e-8c7d272eddbf,350.9702193013735,-476.51191365678864
32.668632,a92b2320-b728-4726-b10e-8c7d272eddbf,350.42126346600384,-475.9007124379217
33.001965,a92b2320-b728-4726-b10e-8c7d272eddbf,350.12544758738176,-475.20583071822557
33.335298,a92b2320-b728-4726-b10e-8c7d272eddbf,349.97145800019206,-474.3159811733178
33.668631,a92b2320-b728-4726-b10e-8c7d272eddbf,349.60027026938013,-473.3672536393727
34.001964,a92b2320-b728-4726-b10e-8c7d272eddbf,349.11872261620005,-472.39711302661857
34.335297,a92b2320-b728-4726-b10e-8c7d272eddbf,349.00818546912654,-471.22062021318294
34.66863,a92b2320-b728-4726-b10e-8c7d272eddbf,348.7272334171195,-469.95389422163356
35.001963,a92b2320-b728-4726-b10e-8c7d272eddbf,348.3312017148802,-468.73282418272765
35.335296,a92b2320-b728-4726-b10e-8c7d272eddbf,347.9461465125228,-467.50963345047865
35.668629,a92b2320-b728-4726-b10e-8c7d272eddbf,347.5739948671951,-466.2192368509739
36.001962,a92b2320-b728-4726-b10e-8c7d272eddbf,347.23139414494796,-464.9566747302716
36.335295,a92b2320-b728-4726-b10e-8c7d272eddbf,347.0619357676815,-463.70127594975685
36.668628,a92b2320-b728-4726-b10e-8c7d272eddbf,347.10258025315704,-462.2965157167389
37.001961,a92b2320-b728-4726-b10e-8c7d272eddbf,347.1685993085964,-460.79626381108267
37.335294,a92b2320-b728-4726-b10e-8c7d272eddbf,347.19813732955754,-459.1521928490891
37.668627,a92b2320-b728-4726-b10e-8c7d272eddbf,347.38071532188195,-457.482693906758
38.00196,a92b2320-b728-4726-b10e-8c7d272eddbf,347.4571393599557,-455.8981042382343
38.335293,a92b2320-b728-4726-b10e-8c7d272eddbf,347.48036276497527,-454.17555944781924
38.668626,a92b2320-b728-4726-b10e-8c7d272eddbf,347.69033889855973,-452.44837729070906
39.001959,a92b2320-b728-4726-b10e-8c7d272eddbf,347.78750022813745,-450.5757965251841
39.335292,a92b2320-b728-4726-b10e-8c7d272eddbf,348.0046369312137,-448.6960321727831
39.668625,a92b2320-b728-4726-b10e-8c7d272eddbf,348.3185439662681,-446.9820895339045
40.001958,a92b2320-b728-4726-b10e-8c7d272eddbf,348.3709461189676,-445.1434783605212
40.335291,a92b2320-b728-4726-b10e-8c7d272eddbf,348.31541240818717,-443.3533391851108
40.668624,a92b2320-b728-4726-b10e-8c7d272eddbf,348.5513507842337,-441.41292381019485
41.001957,a92b2320-b728-4726-b10e-8c7d272eddbf,348.98784804301533,-439.64117601718743
41.33529,a92b2320-b728-4726-b10e-8c7d272eddbf,349.54599422107117,-437.8855761963539
41.668623,a92b2320-b728-4726-b10e-8c7d272eddbf,349.78958355790206,-436.08908952496654
42.001956,a92b2320-b728-4726-b10e-8c7d272eddbf,349.9761136617189,-434.4346066911963
42.335289,a92b2320-b728-4726-b10e-8c7d272eddbf,349.99843576284195,-432.9218097204294
42.668622,a92b2320-b728-4726-b10e-8c7d272eddbf,349.9511826644082,-431.5543269645618
43.001955,a92b2320-b728-4726-b10e-8c7d272eddbf,350.21936571401824,-430.29248688873554
43.335288,a92b2320-b728-4726-b10e-8c7d272eddbf,350.3256174730327,-429.28964179838175
43.668621,a92b2320-b728-4726-b10e-8c7d272eddbf,350.33930392859304,-428.3943047672432
44.001954,a92b2320-b728-4726-b10e-8c7d272eddbf,350.46353908416535,-427.6167222074065
44.335287,a92b2320-b728-4726-b10e-8c7d272eddbf,350.5389456750457,-426.9411068827272
44.66862,a92b2320-b728-4726-b10e-8c7d272eddbf,350.48206741561455,-426.26340177777826
45.001953,a92b2320-b728-4726-b10e-8c7d272eddbf,350.5403986503752,-425.34598144422495
45.335286,a92b2320-b728-4726-b10e-8c7d272eddbf,350.5045745259444,-424.47168577491374
45.668619,a92b2320-b728-4726-b10e-8c7d272eddbf,350.5246248515211,-423.7954668029137
46.001952,a92b2320-b728-4726-b10e-8c7d272eddbf,350.30434383399466,-423.0678756112021
46.335285,a92b2320-b728-4726-b10e-8c7d272eddbf,350.2367290899077,-421.9857576237064
46.668618,a92b2320-b728-4726-b10e-8c7d272eddbf,350.2063314570757,-421.1880238302386
47.001951,a92b2320-b728-4726-b10e-8c7d272eddbf,350.5847427053208,-420.3467801084199
47.335284,a92b2320-b728-4726-b10e-8c7d272eddbf,351.06407238704173,-419.31795763737097
47.668617,a92b2320-b728-4726-b10e-8c7d272eddbf,351.43939760044236,-418.1798644568462
48.00195,a92b2320-b728-4726-b10e-8c7d272eddbf,351.53946350451923,-416.96432469125983
48.335283,a92b2320-b728-4726-b10e-8c7d272eddbf,351.66507583614776,-415.72749350804344
48.668616,a92b2320-b728-4726-b10e-8c7d272eddbf,351.7477890697322,-414.5078149835198
49.001949,a92b2320-b728-4726-b10e-8c7d272eddbf,351.9180181337423,-413.403490819903
49.335282,a92b2320-b728-4726-b10e-8c7d272eddbf,352.4130478334199,-412.4521240750924
49.668615,a92b2320-b728-4726-b10e-8c7d272eddbf,353.227101778721,-411.8921209065573
50.001948,a92b2320-b728-4726-b10e-8c7d272eddbf,354.29366856716126,-411.2986121753551
50.335281,a92b2320-b728-4726-b10e-8c7d272eddbf,355.2449222953955,-410.76559383695894
50.668614,a92b2320-b728-4726-b10e-8c7d272eddbf,356.02769778755754,-410.3214605892136
51.001947,a92b2320-b728-4726-b10e-8c7d272eddbf,356.6634207278443,-410.00850408211846
51.33528,a92b2320-b728-4726-b10e-8c7d272eddbf,357.314323528089,-409.7259733932172
51.668613,a92b2320-b728-4726-b10e-8c7d272eddbf,357.84469779721036,-409.46312643372517
52.001946,a92b2320-b728-4726-b10e-8c7d272eddbf,358.08717204091477,-409.0758532812586
52.335279,a92b2320-b728-4726-b10e-8c7d272eddbf,358.28720573098553,-408.5764382519381
52.668612,a92b2320-b728-4726-b10e-8c7d272eddbf,358.46496640259636,-407.95329556613433
53.001945,a92b2320-b728-4726-b10e-8c7d272eddbf,358.72094034168487,-407.2552813919348
53.335278,a92b2320-b728-4726-b10e-8c7d272eddbf,358.9543756247011,-406.42294569819467
53.668611,a92b2320-b728-4726-b10e-8c7d272eddbf,359.1969207886044,-405.4031957337826
54.001944,a92b2320-b728-4726-b10e-8c7d272eddbf,359.5416693507353,-404.26541144616715
54.335277,a92b2320-b728-4726-b10e-8c7d272eddbf,359.7649042047496,-403.04676614767607
54.66861,a92b2320-b728-4726-b10e-8c7d272eddbf,359.7939745781277,-401.9563776919205
55.001943,a92b2320-b728-4726-b10e-8c7d272eddbf,359.8824593013634,-400.78658686863196
55.335276,a92b2320-b728-4726-b10e-8c7d272eddbf,360.10498323460655,-399.44070370588156
55.668609,a92b2320-b728-4726-b10e-8c7d272eddbf,360.55740209101333,-398.03814409486813
56.001942,a92b2320-b728-4726-b10e-8c7d272eddbf,361.0668545030482,-396.40686056630955
56.335275,a92b2320-b728-4726-b10e-8c7d272eddbf,361.55687849626213,-394.5586104692414
56.668608,a92b2320-b728-4726-b10e-8c7d272eddbf,362.01259077956496,-392.73497656566934
57.001941,a92b2320-b728-4726-b10e-8c7d272eddbf,362.4273595471183,-390.9178392201384
57.335274,a92b2320-b728-4726-b10e-8c7d272eddbf,363.01483993402155,-389.1337201395287
57.668607,a92b2320-b728-4726-b10e-8c7d272eddbf,363.6485740511117,-387.28378867673064
58.00194,a92b2320-b728-4726-b10e-8c7d272eddbf,364.1613919357343,-385.5294253324955
58.335273,a92b2320-b728-4726-b10e-8c7d272eddbf,364.72419228911104,-383.81743950016937
58.668606,a92b2320-b728-4726-b10e-8c7d272eddbf,365.3766707365105,-382.3382316945061
59.001939,a92b2320-b728-4726-b10e-8c7d272eddbf,366.0348685479351,-380.73248208070237
59.335272,a92b2320-b728-4726-b10e-8c7d272eddbf,366.7746667594956,-378.8348845165102
59.668605,a92b2320-b728-4726-b10e-8c7d272eddbf,367.45870409043516,-376.999292481698
60.001938,a92b2320-b728-4726-b10e-8c7d272eddbf,367.9183705574989,-375.0850518695758
60.335271,a92b2320-b728-4726-b10e-8c7d272eddbf,368.272552827024,-373.041985335019
60.668604,a92b2320-b728-4726-b10e-8c7d272eddbf,368.32058953625597,-370.95136648145973
61.001937,a92b2320-b728-4726-b10e-8c7d272eddbf,368.12873853562496,-368.6140519935724
61.33527,a92b2320-b728-4726-b10e-8c7d272eddbf,368.13761841242894,-365.9323813436134
61.668603,a92b2320-b728-4726-b10e-8c7d272eddbf,368.10908059942375,-363.0733092642935
62.001936,a92b2320-b728-4726-b10e-8c7d272eddbf,368.21824207302234,-360.3067921276621
62.335269,a92b2320-b728-4726-b10e-8c7d272eddbf,368.5034413087298,-357.43572387033396
62.668602,a92b2320-b728-4726-b10e-8c7d272eddbf,368.6945698425861,-354.4387978434636
63.001935,a92b2320-b728-4726-b10e-8c7d272eddbf,368.6658347437396,-351.53331778458704
63.335268,a92b2320-b728-4726-b10e-8c7d272eddbf,368.55474005368706,-348.6351527234851
63.668601,a92b2320-b728-4726-b10e-8c7d272eddbf,368.4307245530862,-345.823391705098
64.001934,a92b2320-b728-4726-b10e-8c7d272eddbf,367.9460731537372,-343.2258820247107
64.335267,a92b2320-b728-4726-b10e-8c7d272eddbf,367.53441853459174,-340.7077668426784
64.6686,a92b2320-b728-4726-b10e-8c7d272eddbf,367.2253354363151,-338.2700108268816
65.001933,a92b2320-b728-4726-b10e-8c7d272eddbf,366.86041308338883,-335.8942975702287
65.335266,a92b2320-b728-4726-b10e-8c7d272eddbf,366.46249531451645,-333.41876905615226
32.001966,3676017b-0dc0-4e13-9a56-36f6ffc895f4,-475.8993869095291,-6.298778957334841
32.335299,3676017b-0dc0-4e13-9a56-36f6ffc895f4,-474.9029269220051,-1.324755652211072
32.668632,3676017b-0dc0-4e13-9a56-36f6ffc895f4,-473.8901862834786,3.977239020828619
33.001965,3676017b-0dc0-4e13-9a56-36f6ffc895f4,-472.78306399745156,9.702198401880048
33.335298,3676017b-0dc0-4e13-9a56-36f6ffc895f4,-472.0258909416639,15.555389849829918
33.668631,3676017b-0dc0-4e13-9a56-36f6ffc895f4,-471.40456352554514,21.58241387493877
34.001964,3676017b-0dc0-4e13-9a56-36f6ffc895f4,-470.9305899696623,27.73408918959127
34.335297,3676017b-0dc0-4e13-9a56-36f6ffc895f4,-470.3993792592369,33.62137227070539
34.66863,3676017b-0dc0-4e13-9a56-36f6ffc895f4,-470.1954078466404,39.61000058064823
35.001963,3676017b-0dc0-4e13-9a56-36f6ffc895f4,-469.8770545219668,45.8171320143918
35.335296,3676017b-0dc0-4e13-9a56-36f6ffc895f4,-469.4907675382927,51.87174794842059
35.668629,3676017b-0dc0-4e13-9a56-36f6ffc895f4,-469.1848702776692,57.7999967440233
36.001962,3676017b-0dc0-4e13-9a56-36f6ffc895f4,-468.9572686902555,63.56117270684128
36.335295,3676017b-0dc0-4e13-9a56-36f6ffc895f4,-468.6431805800765,68.95269134018677
36.668628,3676017b-0dc0-4e13-9a56-36f6ffc895f4,-468.201925092255,74.29599838221665
37.001961,3676017b-0dc0-4e13-9a56-36f6ffc895f4,-467.7202397679673,79.80706234973695
37.335294,3676017b-0dc0-4e13-9a56-36f6ffc895f4,-467.24597786645353,85.24413328183964
37.668627,3676017b-0dc0-4e13-9a56-36f6ffc895f4,-466.7430594438783,90.35778237885796
38.00196,3676017b-0dc0-4e13-9a56-36f6ffc895f4,-466.38035831765063,95.39305365210942
38.335293,3676017b-0dc0-4e13-9a56-36f6ffc895f4,-466.1790361990694,100.25246766029638
38.668626,3676017b-0dc0-4e13-9a56-36f6ffc895f4,-466.35507469543035,104.94777824374877
39.001959,3676017b-0dc0-4e13-9a56-36f6ffc895f4,-466.6032373430599,109.56877570481494
39.335292,3676017b-0dc0-4e13-9a56-36f6ffc895f4,-466.826939286328,114.12134608086492
39.668625,3676017b-0dc0-4e13-9a56-36f6ffc895f4,-467.00479364624266,118.63673360211007
40.001958,3676017b-0dc0-4e13-9a56-36f6ffc895f4,-467.3383860558508,123.25506410708071
40.335291,3676017b-0dc0-4e13-9a56-36f6ffc895f4,-467.6226110820934,128.10231722113406
40.668624,3676017b-0dc0-4e13-9a56-36f6ffc895f4,-467.72629806664895,132.93788034501225
41.001957,3676017b-0dc0-4e13-9a56-36f6ffc895f4,-467.8618661819508,137.64449570368416
41.33529,3676017b-0dc0-4e13-9a56-36f6ffc895f4,-467.94642001919766,142.18324427276244
41.668623,3676017b-0dc0-4e13-9a56-36f6ffc895f4,-468.0172202194754,146.76466156636016
42.001956,3676017b-0dc0-4e13-9a56-36f6ffc895f4,-468.3331011498759,150.95746862864505
42.335289,3676017b-0dc0-4e13-9a56-36f6ffc895f4,-468.5363203695702,154.9431315960714
42.668622,3676017b-0dc0-4e13-9a56-36f6ffc895f4,-468.71568867272146,158.8490158730709
43.001955,3676017b-0dc0-4e13-9a56-36f6ffc895f4,-468.93284744327997,162.60426152065423
43.335288,3676017b-0dc0-4e13-9a56-36f6ffc895f4,-469.167872611294,166.2682275128377
43.668621,3676017b-0dc0-4e13-9a56-36f6ffc895f4,-469.4266301998241,170.05563778268254
44.001954,3676017b-0dc0-4e13-9a56-36f6ffc895f4,-469.5125666379988,173.77256052908947
56.668608,8e1d833f-a773-4713-b7fe-e0a93bbcb3f4,1066.604697164134,-824.7391739785231
57.001941,8e1d833f-a773-4713-b7fe-e0a93bbcb3f4,1072.1348015257138,-820.9769708101677
57.335274,8e1d833f-a773-4713-b7fe-e0a93bbcb3f4,1077.5882687109201,-817.2863402941105
57.668607,8e1d833f-a773-4713-b7fe-e0a93bbcb3f4,1083.0335749788285,-813.6320116052277
58.00194,8e1d833f-a773-4713-b7fe-e0a93bbcb3f4,1088.622639113556,-809.9030949694409
58.335273,8e1d833f-a773-4713-b7fe-e0a93bbcb3f4,1093.8748155623496,-806.1684596036713
58.668606,8e1d833f-a773-4713-b7fe-e0a93bbcb3f4,1099.2128976517474,-802.6101979146982
59.001939,8e1d833f-a773-4713-b7fe-e0a93bbcb3f4,1104.7766788367667,-799.0587470607777
59.335272,8e1d833f-a773-4713-b7fe-e0a93bbcb3f4,1110.6460602155596,-795.6079856190909
59.668605,8e1d833f-a773-4713-b7fe-e0a93bbcb3f4,1116.444897559689,-792.3841967331814
60.001938,8e1d833f-a773-4713-b7fe-e0a93bbcb3f4,1122.0801006499403,-789.2362889176917
60.335271,8e1d833f-a773-4713-b7fe-e0a93bbcb3f4,1127.673774999607,-786.0840604716606
60.668604,8e1d833f-a773-4713-b7fe-e0a93bbcb3f4,1133.2016588975396,-783.1787508430662
61.001937,8e1d833f-a773-4713-b7fe-e0a93bbcb3f4,1138.601608834105,-780.4589278692135
61.33527,8e1d833f-a773-4713-b7fe-e0a93bbcb3f4,1144.299139161352,-777.7818312756697
61.668603,8e1d833f-a773-4713-b7fe-e0a93bbcb3f4,1150.142246793815,-774.8195401828267
62.001936,8e1d833f-a773-4713-b7fe-e0a93bbcb3f4,1156.1342307045843,-772.1729060701927
62.335269,8e1d833f-a773-4713-b7fe-e0a93bbcb3f4,1162.216468482849,-769.5671778188063
62.668602,8e1d833f-a773-4713-b7fe-e0a93bbcb3f4,1168.7407119230834,-766.8177245383944
63.001935,8e1d833f-a773-4713-b7fe-e0a93bbcb3f4,1175.324967266527,-764.0005112552083
63.335268,8e1d833f-a773-4713-b7fe-e0a93bbcb3f4,1181.8120169660515,-761.2968355443761
63.668601,8e1d833f-a773-4713-b7fe-e0a93bbcb3f4,1188.1142054388395,-758.4163508163938
64.001934,8e1d833f-a773-4713-b7fe-e0a93bbcb3f4,1194.0415174564673,-755.4946901992247
64.335267,8e1d833f-a773-4713-b7fe-e0a93bbcb3f4,1199.9742807722914,-752.564152611052
64.6686,8e1d833f-a773-4713-b7fe-e0a93bbcb3f4,1205.6447853055095,-749.4993518301739
65.001933,8e1d833f-a773-4713-b7fe-e0a93bbcb3f4,1211.3828649964091,-746.3922423228527
65.335266,8e1d833f-a773-4713-b7fe-e0a93bbcb3f4,1217.142882321502,-743.1849336960362
65.668599,8e1d833f-a773-4713-b7fe-e0a93bbcb3f4,1222.8142782285663,-739.9982638493885
66.001932,8e1d833f-a773-4713-b7fe-e0a93bbcb3f4,1228.336556045671,-736.7775277278307
66.335265,8e1d833f-a773-4713-b7fe-e0a93bbcb3f4,1233.8026787760682,-733.7472245694245
7.668657,98bf57e6-07e6-4ca4-9e46-8290afbf3d9b,-1244.123328955937,-803.7660945765764
8.00199,98bf57e6-07e6-4ca4-9e46-8290afbf3d9b,-1246.38968260745,-811.5651155658292
8.335323,98bf57e6-07e6-4ca4-9e46-8290afbf3d9b,-1248.6689379084908,-819.0914297280539
8.668656,98bf57e6-07e6-4ca4-9e46-8290afbf3d9b,-1250.7946182210428,-826.7821820562642
9.001989,98bf57e6-07e6-4ca4-9e46-8290afbf3d9b,-1252.7005377207693,-834.5834494083847
9.335322,98bf57e6-07e6-4ca4-9e46-8290afbf3d9b,-1254.6015944979958,-842.5207745245567
9.668655,98bf57e6-07e6-4ca4-9e46-8290afbf3d9b,-1256.3166636872495,-850.4897460287776
10.001988,98bf57e6-07e6-4ca4-9e46-8290afbf3d9b,-1257.903471027815,-858.2759208950755
10.335321,98bf57e6-07e6-4ca4-9e46-8290afbf3d9b,-1259.3477456248265,-866.1008459501
10.668654,98bf57e6-07e6-4ca4-9e46-8290afbf3d9b,-1260.8249882574362,-873.8993871975812
11.001987,98bf57e6-07e6-4ca4-9e46-8290afbf3d9b,-1262.5757105448088,-881.7151353963901
11.33532,98bf57e6-07e6-4ca4-9e46-8290afbf3d9b,-1264.3607195048307,-889.6860021360939
11.668653,98bf57e6-07e6-4ca4-9e46-8290afbf3d9b,-1266.0673203770207,-897.9049443300637
12.001986,98bf57e6-07e6-4ca4-9e46-8290afbf3d9b,-1267.8093611156794,-906.0524017005966
12.335319,98bf57e6-07e6-4ca4-9e46-8290afbf3d9b,-1269.5196321219255,-914.3310772447617
12.668652,98bf57e6-07e6-4ca4-9e46-8290afbf3d9b,-1270.9887227643026,-922.7389883395359
13.001985,98bf57e6-07e6-4ca4-9e46-8290afbf3d9b,-1272.3781383480639,-931.0221924305285
55.335276,cf7078a3-26cf-499f-af64-8bd98553f485,137.1144340832136,-1281.4722179177745
55.668609,cf7078a3-26cf-499f-af64-8bd98553f485,137.50094643714942,-1281.2154974148602
56.001942,cf7078a3-26cf-499f-af64-8bd98553f485,137.9568673620691,-1280.6847280643096
56.335275,cf7078a3-26cf-499f-af64-8bd98553f485,138.43896816303635,-1279.9477864691173
56.668608,cf7078a3-26cf-499f-af64-8bd98553f485,138.90648688203513,-1279.1706658970002
57.001941,cf7078a3-26cf-499f-af64-8bd98553f485,139.172635714316,-1278.5736318556205
57.335274,cf7078a3-26cf-499f-af64-8bd98553f485,139.63798625713002,-1277.6303381548246
57.668607,cf7078a3-26cf-499f-af64-8bd98553f485,139.8470253961726,-1276.5367198937977
58.00194,cf7078a3-26cf-499f-af64-8bd98553f485,139.8569053620138,-1275.3457090447762
58.335273,cf7078a3-26cf-499f-af64-8bd98553f485,139.80102792655512,-1274.2234101837123
58.668606,cf7078a3-26cf-499f-af64-8bd98553f485,139.68876231557203,-1272.8719067450766
59.001939,cf7078a3-26cf-499f-af64-8bd98553f485,139.44784921145006,-1271.3649017512505
59.335272,cf7078a3-26cf-499f-af64-8bd98553f485,139.36606339489575,-1269.824271507237
59.668605,cf7078a3-26cf-499f-af64-8bd98553f485,139.1704025826913,-1268.298343187878
60.001938,cf7078a3-26cf-499f-af64-8bd98553f485,138.8850455933183,-1266.8568364878288
60.335271,cf7078a3-26cf-499f-af64-8bd98553f485,138.6198642793394,-1265.664022231983
60.668604,cf7078a3-26cf-499f-af64-8bd98553f485,138.1551717726246,-1264.3228932429417
61.001937,cf7078a3-26cf-499f-af64-8bd98553f485,137.8619933727975,-1262.9724733234643
61.33527,cf7078a3-26cf-499f-af64-8bd98553f485,137.77388268309778,-1261.539022344831
61.668603,cf7078a3-26cf-499f-af64-8bd98553f485,137.87776347731727,-1259.920881682231
62.001936,cf7078a3-26cf-499f-af64-8bd98553f485,138.20922229934538,-1258.1945757881476
62.335269,cf7078a3-26cf-499f-af64-8bd98553f485,138.8531524791504,-1256.456558346806
62.668602,cf7078a3-26cf-499f-af64-8bd98553f485,139.57423234332305,-1254.617656944364
63.001935,cf7078a3-26cf-499f-af64-8bd98553f485,140.2747913795041,-1252.8262430069974
63.335268,cf7078a3-26cf-499f-af64-8bd98553f485,140.9355391055109,-1251.1655165364475
50.335281,13582a84-57c1-4b7e-962d-4fca8b07fb8d,-1712.3465710858864,996.1081529079141
50.668614,13582a84-57c1-4b7e-962d-4fca8b07fb8d,-1711.081425291271,997.2350219413808
51.001947,13582a84-57c1-4b7e-962d-4fca8b07fb8d,-1710.1513786326493,998.1387215185406
51.33528,13582a84-57c1-4b7e-962d-4fca8b07fb8d,-1709.398095248505,999.0220004399285
51.668613,13582a84-57c1-4b7e-962d-4fca8b07fb8d,-1709.1320203373984,999.6997288986739
52.001946,13582a84-57c1-4b7e-962d-4fca8b07fb8d,-1709.0618443076255,1000.1371052778127
52.335279,13582a84-57c1-4b7e-962d-4fca8b07fb8d,-1709.0226722940279,1000.5848605060069
52.668612,13582a84-57c1-4b7e-962d-4fca8b07fb8d,-1709.2196235959634,1000.9941048494767
53.001945,13582a84-57c1-4b7e-962d-4fca8b07fb8d,-1709.4715103701976,1001.1710713334551
53.335278,13582a84-57c1-4b7e-962d-4fca8b07fb8d,-1709.5631932520098,1001.2405133873157
53.668611,13582a84-57c1-4b7e-962d-4fca8b07fb8d,-1709.5382313102639,1001.3131203137131
54.001944,13582a84-57c1-4b7e-962d-4fca8b07fb8d,-1709.4793464926074,1001.3729108783392
54.335277,13582a84-57c1-4b7e-962d-4fca8b07fb8d,-1709.4841174143012,1001.8025888351167
54.66861,13582a84-57c1-4b7e-962d-4fca8b07fb8d,-1709.6250646100086,1002.1013676007034
55.001943,13582a84-57c1-4b7e-962d-4fca8b07fb8d,-1709.4700717672386,1002.2193576594834
55.335276,13582a84-57c1-4b7e-962d-4fca8b07fb8d,-1709.293215671599,1002.3774882976699
55.668609,13582a84-57c1-4b7e-962d-4fca8b07fb8d,-1708.9812058215819,1002.478030078187
56.001942,13582a84-57c1-4b7e-962d-4fca8b07fb8d,-1708.4620734544612,1002.367511041477
56.335275,13582a84-57c1-4b7e-962d-4fca8b07fb8d,-1708.0316328995561,1002.0836634921872
56.668608,13582a84-57c1-4b7e-962d-4fca8b07fb8d,-1707.636161793627,1001.8866907771546
57.001941,13582a84-57c1-4b7e-962d-4fca8b07fb8d,-1707.3329888230078,1001.8996827602783
57.335274,13582a84-57c1-4b7e-962d-4fca8b07fb8d,-1707.0785698438933,1001.8374946162722
57.668607,13582a84-57c1-4b7e-962d-4fca8b07fb8d,-1707.1443520216353,1001.5887463211812
58.00194,13582a84-57c1-4b7e-962d-4fca8b07fb8d,-1707.043317224205,1001.4420430206466
58.335273,13582a84-57c1-4b7e-962d-4fca8b07fb8d,-1706.728396194142,1001.3727962570754
58.668606,13582a84-57c1-4b7e-962d-4fca8b07fb8d,-1706.0979924613905,1001.3727799131494
59.001939,13582a84-57c1-4b7e-962d-4fca8b07fb8d,-1705.359751812115,1001.2457090752321
59.335272,13582a84-57c1-4b7e-962d-4fca8b07fb8d,-1704.713781845925,1001.3001090900311
59.668605,13582a84-57c1-4b7e-962d-4fca8b07fb8d,-1704.008147295661,1001.2020471063018
60.001938,13582a84-57c1-4b7e-962d-4fca8b07fb8d,-1703.3563427074077,1001.3042297554317
60.335271,13582a84-57c1-4b7e-962d-4fca8b07fb8d,-1702.55782262268,1001.5641100627024
60.668604,13582a84-57c1-4b7e-962d-4fca8b07fb8d,-1701.582916781386,1001.857852801047
61.001937,13582a84-57c1-4b7e-962d-4fca8b07fb8d,-1700.6451162896774,1002.3710954035705
61.33527,13582a84-57c1-4b7e-962d-4fca8b07fb8d,-1699.673131329562,1003.0358854203657
61.668603,13582a84-57c1-4b7e-962d-4fca8b07fb8d,-1698.7564216231367,1003.7738191228481
62.001936,13582a84-57c1-4b7e-962d-4fca8b07fb8d,-1697.815421580189,1004.5433976579399
62.335269,13582a84-57c1-4b7e-962d-4fca8b07fb8d,-1696.776375061264,1005.1774222783272
62.668602,13582a84-57c1-4b7e-962d-4fca8b07fb8d,-1695.6541500658827,1005.7597732524694
63.001935,13582a84-57c1-4b7e-962d-4fca8b07fb8d,-1694.4909573787052,1006.0864610446756
63.335268,13582a84-57c1-4b7e-962d-4fca8b07fb8d,-1693.6505871830661,1006.1168394063743
63.668601,13582a84-57c1-4b7e-962d-4fca8b07fb8d,-1692.6774633328341,1005.8083883571604
64.001934,13582a84-57c1-4b7e-962d-4fca8b07fb8d,-1691.6750331546612,1005.1943878907709
64.335267,13582a84-57c1-4b7e-962d-4fca8b07fb8d,-1690.4710477940584,1004.3674957082368
64.6686,13582a84-57c1-4b7e-962d-4fca8b07fb8d,-1689.1140091917555,1003.7122747312669
65.001933,13582a84-57c1-4b7e-962d-4fca8b07fb8d,-1687.9783192201185,1003.0409402036497
65.335266,13582a84-57c1-4b7e-962d-4fca8b07fb8d,-1686.8579161747614,1002.1965907502193
65.668599,13582a84-57c1-4b7e-962d-4fca8b07fb8d,-1685.7718551416979,1001.2909283366431
75.668589,ed6824ce-f68a-4dec-9723-13a6ba1e1ca0,178.52721478470235,417.8631149745609
76.001922,ed6824ce-f68a-4dec-9723-13a6ba1e1ca0,176.8247816837546,419.98473926478243
76.335255,ed6824ce-f68a-4dec-9723-13a6ba1e1ca0,175.21035906987115,422.0637484096225
76.668588,ed6824ce-f68a-4dec-9723-13a6ba1e1ca0,173.4229486168926,424.0361289769033
77.001921,ed6824ce-f68a-4dec-9723-13a6ba1e1ca0,171.74275555736278,425.91748382054345
77.335254,ed6824ce-f68a-4dec-9723-13a6ba1e1ca0,169.98295982075547,427.3077640610508
77.668587,ed6824ce-f68a-4dec-9723-13a6ba1e1ca0,168.1965974744355,428.68620852082495
78.00192,ed6824ce-f68a-4dec-9723-13a6ba1e1ca0,166.21199493401957,430.06353355225235
78.335253,ed6824ce-f68a-4dec-9723-13a6ba1e1ca0,164.3769614834424,431.3949020637945
78.668586,ed6824ce-f68a-4dec-9723-13a6ba1e1ca0,162.54624228020478,432.76006890687466
79.001919,ed6824ce-f68a-4dec-9723-13a6ba1e1ca0,160.92667499279082,433.9941528760091
79.335252,ed6824ce-f68a-4dec-9723-13a6ba1e1ca0,159.57247835912221,435.54516788951844
79.668585,ed6824ce-f68a-4dec-9723-13a6ba1e1ca0,158.44788207026374,437.1718868297498
80.001918,ed6824ce-f68a-4dec-9723-13a6ba1e1ca0,157.5540254657947,438.54789107860597
80.335251,ed6824ce-f68a-4dec-9723-13a6ba1e1ca0,157.11815217081457,439.90692162958493
80.668584,ed6824ce-f68a-4dec-9723-13a6ba1e1ca0,156.72489374112348,441.0944839758542
81.001917,ed6824ce-f68a-4dec-9723-13a6ba1e1ca0,155.90663823687404,442.35515450583773
81.33525,ed6824ce-f68a-4dec-9723-13a6ba1e1ca0,154.81597132267933,443.5389026494025
81.668583,ed6824ce-f68a-4dec-9723-13a6ba1e1ca0,153.44283244374873,444.7804418868953
82.001916,ed6824ce-f68a-4dec-9723-13a6ba1e1ca0,152.0448385935905,446.15418084085115
82.335249,ed6824ce-f68a-4dec-9723-13a6ba1e1ca0,150.91220505467695,447.5781325355117
82.668582,ed6824ce-f68a-4dec-9723-13a6ba1e1ca0,149.77784725828948,449.0735521503039
83.001915,ed6824ce-f68a-4dec-9723-13a6ba1e1ca0,148.66483187074454,450.6517242046672
15.001983,fa9083b1-5dbb-4d0b-8d81-61e0d66979a6,-648.4108883064816,-168.09009862191445
15.335316,fa9083b1-5dbb-4d0b-8d81-61e0d66979a6,-651.0248060424598,-161.53543698163242
15.668649,fa9083b1-5dbb-4d0b-8d81-61e0d66979a6,-653.905204705731,-155.04803894849718
16.001982,fa9083b1-5dbb-4d0b-8d81-61e0d66979a6,-656.8282599184207,-148.63290296760456
16.335315,fa9083b1-5dbb-4d0b-8d81-61e0d66979a6,-659.8264710682176,-142.29784570996026
10.668654,9c422140-3f46-4cf9-a895-6e1adf066d33,1048.147512246255,-197.4146791582499
11.001987,9c422140-3f46-4cf9-a895-6e1adf066d33,1052.6048051393436,-191.50186728523138
11.33532,9c422140-3f46-4cf9-a895-6e1adf066d33,1057.1074926094282,-185.48868288718646
11.668653,9c422140-3f46-4cf9-a895-6e1adf066d33,1061.736412067879,-179.37510223763059
12.001986,9c422140-3f46-4cf9-a895-6e1adf066d33,1066.4551394739167,-173.19731480072687
12.335319,9c422140-3f46-4cf9-a895-6e1adf066d33,1071.3677573998064,-166.89333655493516
12.668652,9c422140-3f46-4cf9-a895-6e1adf066d33,1076.3287784841655,-160.75291263336138
13.001985,9c422140-3f46-4cf9-a895-6e1adf066d33,1081.2805215944775,-154.47750272615485
13.335318,9c422140-3f46-4cf9-a895-6e1adf066d33,1086.1297463616127,-148.07879088485072
13.668651,9c422140-3f46-4cf9-a895-6e1adf066d33,1090.6703093905699,-141.6908690463088
14.001984,9c422140-3f46-4cf9-a895-6e1adf066d33,1095.1931866295324,-135.619101032519
14.335317,9c422140-3f46-4cf9-a895-6e1adf066d33,1099.9520398014567,-130.0374989452215
14.66865,9c422140-3f46-4cf9-a895-6e1adf066d33,1104.8462388514731,-124.74232204553448
15.001983,9c422140-3f46-4cf9-a895-6e1adf066d33,1109.8294498713876,-119.66764652980757
15.335316,9c422140-3f46-4cf9-a895-6e1adf066d33,1114.809338432585,-114.72266765966961
15.668649,9c422140-3f46-4cf9-a895-6e1adf066d33,1119.6633065131198,-109.74596754473455
16.001982,9c422140-3f46-4cf9-a895-6e1adf066d33,1124.8553178734182,-104.39182570951307
16.335315,9c422140-3f46-4cf9-a895-6e1adf066d33,1130.0405843867998,-98.97927979646103
16.668648,9c422140-3f46-4cf9-a895-6e1adf066d33,1135.2783641341425,-93.69842779722467
17.001981,9c422140-3f46-4cf9-a895-6e1adf066d33,1140.4880749529643,-88.37861099013014
17.335314,9c422140-3f46-4cf9-a895-6e1adf066d33,1145.552729686021,-83.13551424471237
17.668647,9c422140-3f46-4cf9-a895-6e1adf066d33,1150.5827889483246,-77.9570207272905
64.335267,2284eb6c-b41e-431b-b597-744a821a4f39,-575.9103457560267,948.7447947499796
64.6686,2284eb6c-b41e-431b-b597-744a821a4f39,-576.9270223158637,946.4841654254747
65.001933,2284eb6c-b41e-431b-b597-744a821a4f39,-577.9343813468739,944.0984374155908
65.335266,2284eb6c-b41e-431b-b597-744a821a4f39,-578.9915214362073,941.6634322337297
65.668599,2284eb6c-b41e-431b-b597-744a821a4f39,-579.7953625621998,939.3045062058468
55.335276,cfc2f67e-59d3-47df-9f63-1b757f900570,-292.6579351173944,201.8446598069499
55.668609,cfc2f67e-59d3-47df-9f63-1b757f900570,-297.4235476733619,205.04524050305366
56.001942,cfc2f67e-59d3-47df-9f63-1b757f900570,-301.8857765799572,207.87523538994185
56.335275,cfc2f67e-59d3-47df-9f63-1b757f900570,-306.38035593740443,210.56544578804287
56.668608,cfc2f67e-59d3-47df-9f63-1b757f900570,-310.44618198634777,213.31805415193332
57.001941,cfc2f67e-59d3-47df-9f63-1b757f900570,-314.2706040811041,216.04243468725952
57.335274,cfc2f67e-59d3-47df-9f63-1b757f900570,-317.8292379688008,218.67243681275897
57.668607,cfc2f67e-59d3-47df-9f63-1b757f900570,-321.42446449370794,221.467849860668
58.00194,cfc2f67e-59d3-47df-9f63-1b757f900570,-325.15897119020605,224.4046822373548
58.335273,cfc2f67e-59d3-47df-9f63-1b757f900570,-329.04365183202754,227.22722083402118
58.668606,cfc2f67e-59d3-47df-9f63-1b757f900570,-332.7975240021222,229.94196823296852
59.001939,cfc2f67e-59d3-47df-9f63-1b757f900570,-336.7875044637771,232.7950243746998
59.335272,cfc2f67e-59d3-47df-9f63-1b757f900570,-340.7448485942157,235.7756705445209
59.668605,cfc2f67e-59d3-47df-9f63-1b757f900570,-344.5404487472211,238.6737933686689
60.001938,cfc2f67e-59d3-47df-9f63-1b757f900570,-348.42405330593857,241.72788216912122
60.335271,cfc2f67e-59d3-47df-9f63-1b757f900570,-352.551316116876,244.67131866468435
60.668604,cfc2f67e-59d3-47df-9f63-1b757f900570,-356.99134969911637,247.72549352705778
61.001937,cfc2f67e-59d3-47df-9f63-1b757f900570,-361.70068653324506,250.70175592594745
61.33527,cfc2f67e-59d3-47df-9f63-1b757f900570,-366.5916067522468,253.8361422493021
61.668603,cfc2f67e-59d3-47df-9f63-1b757f900570,-371.52926848260876,256.79536296081017
62.001936,cfc2f67e-59d3-47df-9f63-1b757f900570,-376.2858841425816,259.52210705083695
62.335269,cfc2f67e-59d3-47df-9f63-1b757f900570,-380.98910396371537,262.3871422588547
70.335261,45f40377-7e4f-442e-9d7a-30255a5def54,-205.5137389443794,672.6053128644055
70.668594,45f40377-7e4f-442e-9d7a-30255a5def54,-206.4663873117012,674.4166449645154
71.001927,45f40377-7e4f-442e-9d7a-30255a5def54,-207.6684642309923,676.1042865051546
71.33526,45f40377-7e4f-442e-9d7a-30255a5def54,-208.72569064447885,677.7923146483143
71.668593,45f40377-7e4f-442e-9d7a-30255a5def54,-209.7374010173706,679.4190175838606
72.001926,45f40377-7e4f-442e-9d7a-30255a5def54,-210.63526489161592,681.1592929813324
72.335259,45f40377-7e4f-442e-9d7a-30255a5def54,-211.46501655953995,682.866671435304
72.668592,45f40377-7e4f-442e-9d7a-30255a5def54,-212.30793712850897,684.5798975500238
73.001925,45f40377-7e4f-442e-9d7a-30255a5def54,-213.1156678774395,686.3577593413155
73.335258,45f40377-7e4f-442e-9d7a-30255a5def54,-213.9710738488132,688.0788163630399
73.668591,45f40377-7e4f-442e-9d7a-30255a5def54,-215.04751660864426,689.8582158881677
74.001924,45f40377-7e4f-442e-9d7a-30255a5def54,-215.95037937056333,691.758101357451
74.335257,45f40377-7e4f-442e-9d7a-30255a5def54,-216.65461024402194,693.6860982823207
74.66859,45f40377-7e4f-442e-9d7a-30255a5def54,-217.59718696781152,695.6535875643456
75.001923,45f40377-7e4f-442e-9d7a-30255a5def54,-218.78625061716278,697.8933157352081
75.335256,45f40377-7e4f-442e-9d7a-30255a5def54,-220.2456309091444,700.104549772878
75.668589,45f40377-7e4f-442e-9d7a-30255a5def54,-221.581422767157,702.3420013276192
69.335262,e0d9f4da-d5fb-46f1-996f-8869d148c8d4,555.331166116989,-558.9498828526617
69.668595,e0d9f4da-d5fb-46f1-996f-8869d148c8d4,562.9034481295571,-557.0133449187388
70.001928,e0d9f4da-d5fb-46f1-996f-8869d148c8d4,570.64502021726,-554.9908642449441
70.335261,e0d9f4da-d5fb-46f1-996f-8869d148c8d4,578.5041955842445,-553.1945004494521
70.668594,e0d9f4da-d5fb-46f1-996f-8869d148c8d4,586.2080731509799,-551.3752032154841
71.001927,e0d9f4da-d5fb-46f1-996f-8869d148c8d4,594.0214540634164,-549.3747648882123
71.33526,e0d9f4da-d5fb-46f1-996f-8869d148c8d4,601.9505609588676,-547.033266888957
71.668593,e0d9f4da-d5fb-46f1-996f-8869d148c8d4,609.770170164032,-544.8620325163828
72.001926,e0d9f4da-d5fb-46f1-996f-8869d148c8d4,617.4562938111933,-542.8360700728924
72.335259,e0d9f4da-d5fb-46f1-996f-8869d148c8d4,624.8870802669587,-540.6068342126609
72.668592,e0d9f4da-d5fb-46f1-996f-8869d148c8d4,632.197592539687,-538.2030999972287
73.001925,e0d9f4da-d5fb-46f1-996f-8869d148c8d4,639.4964649241637,-535.5857647260846
73.335258,e0d9f4da-d5fb-46f1-996f-8869d148c8d4,646.5438288891678,-532.7411791120586
73.668591,e0d9f4da-d5fb-46f1-996f-8869d148c8d4,653.3814474982297,-529.942518617018
74.001924,e0d9f4da-d5fb-46f1-996f-8869d148c8d4,660.1961125419936,-527.1627901241274
74.335257,e0d9f4da-d5fb-46f1-996f-8869d148c8d4,667.0425272826769,-524.0511270868252
74.66859,e0d9f4da-d5fb-46f1-996f-8869d148c8d4,673.7914854533477,-520.6764322506167
75.001923,e0d9f4da-d5fb-46f1-996f-8869d148c8d4,680.831249126231,-517.4340259423002
75.335256,e0d9f4da-d5fb-46f1-996f-8869d148c8d4,688.0317601166889,-514.2511096843076
75.668589,e0d9f4da-d5fb-46f1-996f-8869d148c8d4,695.064579393499,-510.93801387220634
76.001922,e0d9f4da-d5fb-46f1-996f-8869d148c8d4,701.8130679571784,-507.4341427988496
76.335255,e0d9f4da-d5fb-46f1-996f-8869d148c8d4,707.9894638674639,-503.8188878991957
76.668588,e0d9f4da-d5fb-46f1-996f-8869d148c8d4,713.8575326616464,-500.23982331421615
77.001921,e0d9f4da-d5fb-46f1-996f-8869d148c8d4,719.8585937176568,-496.78459070679213
77.335254,e0d9f4da-d5fb-46f1-996f-8869d148c8d4,726.0582865310787,-493.29385143741536
77.668587,e0d9f4da-d5fb-46f1-996f-8869d148c8d4,732.3095376697765,-490.14061781536367
78.00192,e0d9f4da-d5fb-46f1-996f-8869d148c8d4,738.3708691817276,-487.13213380906774
78.335253,e0d9f4da-d5fb-46f1-996f-8869d148c8d4,744.5738883010438,-484.12274667586206
78.668586,e0d9f4da-d5fb-46f1-996f-8869d148c8d4,750.8206441290661,-481.2164284335556
79.001919,e0d9f4da-d5fb-46f1-996f-8869d148c8d4,756.8229657976929,-478.06507774670376
79.335252,e0d9f4da-d5fb-46f1-996f-8869d148c8d4,762.7304605055119,-475.14064385332824
7.668657,29dd3269-1374-4572-b6b0-53c730a6731f,-768.8363503192301,745.0562664053708
8.00199,29dd3269-1374-4572-b6b0-53c730a6731f,-769.7322828993306,751.7606664107822
8.335323,29dd3269-1374-4572-b6b0-53c730a6731f,-770.9231955772949,758.5976917669258
8.668656,29dd3269-1374-4572-b6b0-53c730a6731f,-772.0466328242749,765.3946707356383
9.001989,29dd3269-1374-4572-b6b0-53c730a6731f,-773.2320437013369,772.4255454744188
9.335322,29dd3269-1374-4572-b6b0-53c730a6731f,-774.40736742512,779.5509510108154
9.668655,29dd3269-1374-4572-b6b0-53c730a6731f,-775.4964837684074,786.750942039773
10.001988,29dd3269-1374-4572-b6b0-53c730a6731f,-776.6378313425594,794.0912459535386
10.335321,29dd3269-1374-4572-b6b0-53c730a6731f,-777.870392191015,801.2143801059606
10.668654,29dd3269-1374-4572-b6b0-53c730a6731f,-779.2752194089521,808.2244685843311
11.001987,29dd3269-1374-4572-b6b0-53c730a6731f,-780.6946394755906,815.3526901788542
11.33532,29dd3269-1374-4572-b6b0-53c730a6731f,-782.0943199490588,822.2500303669564
11.668653,29dd3269-1374-4572-b6b0-53c730a6731f,-783.484291147713,829.115619258578
12.001986,29dd3269-1374-4572-b6b0-53c730a6731f,-784.7768175563419,835.9966878254162
12.335319,29dd3269-1374-4572-b6b0-53c730a6731f,-786.1887536535488,842.8615990204233
12.668652,29dd3269-1374-4572-b6b0-53c730a6731f,-787.6195274316703,850.021246997212
13.001985,29dd3269-1374-4572-b6b0-53c730a6731f,-789.1788809552344,857.085735649584
13.335318,29dd3269-1374-4572-b6b0-53c730a6731f,-791.0599170819104,863.9723736665518
13.668651,29dd3269-1374-4572-b6b0-53c730a6731f,-793.2694549779277,870.856935102404
14.001984,29dd3269-1374-4572-b6b0-53c730a6731f,-795.2210276290878,877.9886124281077
14.335317,29dd3269-1374-4572-b6b0-53c730a6731f,-797.3810233348893,885.1826120106548
14.66865,29dd3269-1374-4572-b6b0-53c730a6731f,-799.5577537799383,892.4405816072274
15.001983,29dd3269-1374-4572-b6b0-53c730a6731f,-801.7403645438287,899.8168612389701
15.335316,29dd3269-1374-4572-b6b0-53c730a6731f,-803.8169781229824,907.309917339685
15.668649,29dd3269-1374-4572-b6b0-53c730a6731f,-805.7872247490413,914.7772446101263
16.001982,29dd3269-1374-4572-b6b0-53c730a6731f,-807.7117291149888,922.0939737657148
16.335315,29dd3269-1374-4572-b6b0-53c730a6731f,-809.4632323514929,929.4653073075979
16.668648,29dd3269-1374-4572-b6b0-53c730a6731f,-810.9790308540574,936.4050473318695
17.001981,29dd3269-1374-4572-b6b0-53c730a6731f,-812.2758006549451,943.2613418428277
17.335314,29dd3269-1374-4572-b6b0-53c730a6731f,-813.5532731653432,950.0115745644321
17.668647,29dd3269-1374-4572-b6b0-53c730a6731f,-814.9630502208483,957.0636278408406
18.00198,29dd3269-1374-4572-b6b0-53c730a6731f,-816.2889889641959,964.3175497636365
18.335313,29dd3269-1374-4572-b6b0-53c730a6731f,-817.5822470789302,971.717150817081
18.668646,29dd3269-1374-4572-b6b0-53c730a6731f,-818.8704582235792,979.0031557506209
19.001979,29dd3269-1374-4572-b6b0-53c730a6731f,-820.0974032537418,986.1622860521446
19.335312,29dd3269-1374-4572-b6b0-53c730a6731f,-821.3862919613447,993.2381904503738
19.668645,29dd3269-1374-4572-b6b0-53c730a6731f,-822.5175611825993,1000.1499768005493
20.001978,29dd3269-1374-4572-b6b0-53c730a6731f,-823.6291022345969,1007.026675247289
20.335311,29dd3269-1374-4572-b6b0-53c730a6731f,-824.8128550118797,1013.5766272623274
20.668644,29dd3269-1374-4572-b6b0-53c730a6731f,-826.0054901683211,1020.24022284552
21.001977,29dd3269-1374-4572-b6b0-53c730a6731f,-827.1227081654034,1027.1799265416641
21.33531,29dd3269-1374-4572-b6b0-53c730a6731f,-828.1817899512529,1034.3441569708102
21.668643,29dd3269-1374-4572-b6b0-53c730a6731f,-829.1046630642649,1041.652474633905
22.001976,29dd3269-1374-4572-b6b0-53c730a6731f,-830.1608995130732,1048.7861454794026
22.335309,29dd3269-1374-4572-b6b0-53c730a6731f,-831.1792197029823,1055.7539906180205
22.668642,29dd3269-1374-4572-b6b0-53c730a6731f,-832.1796852537116,1062.658058166447
23.001975,29dd3269-1374-4572-b6b0-53c730a6731f,-833.2241405417279,1069.794152142417
23.335308,29dd3269-1374-4572-b6b0-53c730a6731f,-834.1698686658364,1077.1786547799397
23.668641,29dd3269-1374-4572-b6b0-53c730a6731f,-835.1539556723618,1084.4321345990784
24.001974,29dd3269-1374-4572-b6b0-53c730a6731f,-836.085227671175,1091.697522249774
66.001932,f855f528-72d2-44c3-8890-02a2f0353444,521.6643408637678,175.0006191092925
66.335265,f855f528-72d2-44c3-8890-02a2f0353444,521.7135274979729,176.05392282942682
66.668598,f855f528-72d2-44c3-8890-02a2f0353444,522.1258098058804,176.8048552517006
22.668642,37ef7b6e-4e3e-4d11-a70c-cb309ea6a094,350.81584096254795,-1419.871306328183
23.001975,37ef7b6e-4e3e-4d11-a70c-cb309ea6a094,356.35699012547855,-1417.391810793634
23.335308,37ef7b6e-4e3e-4d11-a70c-cb309ea6a094,362.09557334098685,-1414.933427927
23.668641,37ef7b6e-4e3e-4d11-a70c-cb309ea6a094,368.08051050590876,-1412.629298763459
24.001974,37ef7b6e-4e3e-4d11-a70c-cb309ea6a094,374.06451494647627,-1410.376186531076
24.335307,37ef7b6e-4e3e-4d11-a70c-cb309ea6a094,380.3457020948187,-1408.0720449394773
24.66864,37ef7b6e-4e3e-4d11-a70c-cb309ea6a094,386.7839450875451,-1405.6108071387323
25.001973,37ef7b6e-4e3e-4d11-a70c-cb309ea6a094,393.0361586724518,-1402.9535578537486
25.335306,37ef7b6e-4e3e-4d11-a70c-cb309ea6a094,399.3107089803308,-1400.438577267874
25.668639,37ef7b6e-4e3e-4d11-a70c-cb309ea6a094,405.4345301891533,-1398.1004206647697
26.001972,37ef7b6e-4e3e-4d11-a70c-cb309ea6a094,411.4116545157959,-1395.9476657593557
26.335305,37ef7b6e-4e3e-4d11-a70c-cb309ea6a094,417.33300355194706,-1393.7925965610427
26.668638,37ef7b6e-4e3e-4d11-a70c-cb309ea6a094,423.4005643308626,-1391.6644626122222
27.001971,37ef7b6e-4e3e-4d11-a70c-cb309ea6a094,429.2854375048341,-1389.4809356875803
27.335304,37ef7b6e-4e3e-4d11-a70c-cb309ea6a094,435.05437404239177,-1387.5190713512368
27.668637,37ef7b6e-4e3e-4d11-a70c-cb309ea6a094,440.74286363707944,-1385.697267452703
28.00197,37ef7b6e-4e3e-4d11-a70c-cb309ea6a094,446.4069112895937,-1383.8791621503944
28.335303,37ef7b6e-4e3e-4d11-a70c-cb309ea6a094,451.972313242875,-1382.213493439488
28.668636,37ef7b6e-4e3e-4d11-a70c-cb309ea6a094,457.34738628167224,-1380.7523075116335
29.001969,37ef7b6e-4e3e-4d11-a70c-cb309ea6a094,462.6534546913011,-1379.2793385834555
29.335302,37ef7b6e-4e3e-4d11-a70c-cb309ea6a094,468.0259542901768,-1377.4997198943058
29.668635,37ef7b6e-4e3e-4d11-a70c-cb309ea6a094,473.2804533265795,-1375.6802101656895
30.001968,37ef7b6e-4e3e-4d11-a70c-cb309ea6a094,478.2591784005279,-1373.7347165483666
30.335301,37ef7b6e-4e3e-4d11-a70c-cb309ea6a094,483.0859732318661,-1371.7015359593186
30.668634,37ef7b6e-4e3e-4d11-a70c-cb309ea6a094,487.81765024115685,-1369.6411214268855
31.001967,37ef7b6e-4e3e-4d11-a70c-cb309ea6a094,492.51687526808774,-1367.5941909868236
31.3353,37ef7b6e-4e3e-4d11-a70c-cb309ea6a094,497.19367416400723,-1365.440892748064
31.668633,37ef7b6e-4e3e-4d11-a70c-cb309ea6a094,501.7817748508935,-1363.3771441893182
32.001966,37ef7b6e-4e3e-4d11-a70c-cb309ea6a094,506.3051140402057,-1361.3529961882691
32.335299,37ef7b6e-4e3e-4d11-a70c-cb309ea6a094,511.0418626684233,-1359.1913568087605
32.668632,37ef7b6e-4e3e-4d11-a70c-cb309ea6a094,515.9478706946896,-1357.065525835302
33.001965,37ef7b6e-4e3e-4d11-a70c-cb309ea6a094,520.8012573288587,-1355.088848502993
33.335298,37ef7b6e-4e3e-4d11-a70c-cb309ea6a094,525.5701633624888,-1353.5820004113125
33.668631,37ef7b6e-4e3e-4d11-a70c-cb309ea6a094,530.4621397092167,-1352.1597937363213
34.001964,37ef7b6e-4e3e-4d11-a70c-cb309ea6a094,535.5401870768362,-1350.9583853719241
34.335297,37ef7b6e-4e3e-4d11-a70c-cb309ea6a094,540.3793130696389,-1350.0854832617595
34.66863,37ef7b6e-4e3e-4d11-a70c-cb309ea6a094,545.0113557009457,-1349.449589069
35.001963,37ef7b6e-4e3e-4d11-a70c-cb309ea6a094,549.5584953757655,-1348.8954208981024
35.335296,37ef7b6e-4e3e-4d11-a70c-cb309ea6a094,554.2899204162628,-1348.7360285393693
35.668629,37ef7b6e-4e3e-4d11-a70c-cb309ea6a094,558.9870808825148,-1348.4861017567196
36.001962,37ef7b6e-4e3e-4d11-a70c-cb309ea6a094,563.5913836965764,-1348.2292436741013
36.335295,37ef7b6e-4e3e-4d11-a70c-cb309ea6a094,568.2228855299625,-1347.8070317579698
36.668628,37ef7b6e-4e3e-4d11-a70c-cb309ea6a094,572.8414843875775,-1347.3205751225958
37.001961,37ef7b6e-4e3e-4d11-a70c-cb309ea6a094,577.511430981792,-1346.6955710150978
37.335294,37ef7b6e-4e3e-4d11-a70c-cb309ea6a094,582.1615014987163,-1346.0933821408605
37.668627,37ef7b6e-4e3e-4d11-a70c-cb309ea6a094,586.8864704116667,-1345.5814251879967
38.00196,37ef7b6e-4e3e-4d11-a70c-cb309ea6a094,591.5470738336827,-1345.3520150961626
38.335293,37ef7b6e-4e3e-4d11-a70c-cb309ea6a094,596.1818454441458,-1345.2238985869717
38.668626,37ef7b6e-4e3e-4d11-a70c-cb309ea6a094,600.7455719954773,-1344.9511807396782
39.001959,37ef7b6e-4e3e-4d11-a70c-cb309ea6a094,605.1689886323959,-1344.693498620816
39.335292,37ef7b6e-4e3e-4d11-a70c-cb309ea6a094,609.4190801215839,-1344.5691522050483
39.668625,37ef7b6e-4e3e-4d11-a70c-cb309ea6a094,613.8462278101932,-1344.690433935058
40.001958,37ef7b6e-4e3e-4d11-a70c-cb309ea6a094,618.286598859628,-1344.7589246234152
12.001986,cd195ed1-7955-4719-8979-1bd031a3dd83,1227.312478918813,802.2210617978548
12.335319,cd195ed1-7955-4719-8979-1bd031a3dd83,1227.1527632779491,806.283514785015
12.668652,cd195ed1-7955-4719-8979-1bd031a3dd83,1227.1497442068567,810.3231965735948
13.001985,cd195ed1-7955-4719-8979-1bd031a3dd83,1227.0054887635172,814.1642887299553
13.335318,cd195ed1-7955-4719-8979-1bd031a3dd83,1226.9666643746107,817.9339020347307
13.668651,cd195ed1-7955-4719-8979-1bd031a3dd83,1226.9755805991174,821.6501782233872
14.001984,cd195ed1-7955-4719-8979-1bd031a3dd83,1226.9319876315128,825.395603514823
14.335317,cd195ed1-7955-4719-8979-1bd031a3dd83,1226.766459730293,829.2557666376782
14.66865,cd195ed1-7955-4719-8979-1bd031a3dd83,1226.5244151533552,833.2860810206287
15.001983,cd195ed1-7955-4719-8979-1bd031a3dd83,1226.0180534750832,837.4155066225054
15.335316,cd195ed1-7955-4719-8979-1bd031a3dd83,1225.6515126498314,841.69812368341
15.668649,cd195ed1-7955-4719-8979-1bd031a3dd83,1225.082165281932,845.9894352862756
16.001982,cd195ed1-7955-4719-8979-1bd031a3dd83,1224.617224451064,850.2492414170288
16.335315,cd195ed1-7955-4719-8979-1bd031a3dd83,1223.9843136678098,854.4152201358578
16.668648,cd195ed1-7955-4719-8979-1bd031a3dd83,1223.5315672675486,858.6892446839597
17.001981,cd195ed1-7955-4719-8979-1bd031a3dd83,1222.9299152642966,862.8890322526669
17.335314,cd195ed1-7955-4719-8979-1bd031a3dd83,1222.4617062625407,866.9914179007898
17.668647,cd195ed1-7955-4719-8979-1bd031a3dd83,1221.873248351626,871.0743763612617
18.00198,cd195ed1-7955-4719-8979-1bd031a3dd83,1221.0395575831549,875.0494052084535
18.335313,cd195ed1-7955-4719-8979-1bd031a3dd83,1220.1434460761325,879.283368479433
18.668646,cd195ed1-7955-4719-8979-1bd031a3dd83,1219.1005438314876,883.6649758294503
19.001979,cd195ed1-7955-4719-8979-1bd031a3dd83,1218.0645871893576,887.9620759672074
19.335312,cd195ed1-7955-4719-8979-1bd031a3dd83,1216.9384444582101,892.3950980013568
19.668645,cd195ed1-7955-4719-8979-1bd031a3dd83,1216.0509345705009,896.8678527830763
20.001978,cd195ed1-7955-4719-8979-1bd031a3dd83,1215.2022626022863,901.5566942608751
20.335311,cd195ed1-7955-4719-8979-1bd031a3dd83,1214.3250964221536,906.2450587039484
20.668644,cd195ed1-7955-4719-8979-1bd031a3dd83,1213.3504615792533,910.7657617670426
21.001977,cd195ed1-7955-4719-8979-1bd031a3dd83,1212.4417382987083,915.0090778271754
21.33531,cd195ed1-7955-4719-8979-1bd031a3dd83,1211.5516267196454,919.1567737340993
21.668643,cd195ed1-7955-4719-8979-1bd031a3dd83,1210.5862590836628,923.1312320086016
22.001976,cd195ed1-7955-4719-8979-1bd031a3dd83,1209.369079784111,927.1196406003845
48.00195,edd6f607-5b3c-4596-8287-300ab20b35cd,-819.8334064279026,989.5727958115564
48.335283,edd6f607-5b3c-4596-8287-300ab20b35cd,-819.3814610263304,994.1178512260778
48.668616,edd6f607-5b3c-4596-8287-300ab20b35cd,-818.8574847150584,998.8859692521572
56.335275,8a61ecb9-19be-42c8-83ac-e7a75ff7361a,403.0060622992671,-344.180242189518
56.668608,8a61ecb9-19be-42c8-83ac-e7a75ff7361a,404.5317053049735,-343.55982086180575
57.001941,8a61ecb9-19be-42c8-83ac-e7a75ff7361a,406.0363110567188,-343.0758433875119
57.335274,8a61ecb9-19be-42c8-83ac-e7a75ff7361a,407.35847927328416,-342.51841331280366
57.668607,8a61ecb9-19be-42c8-83ac-e7a75ff7361a,408.71141528944634,-341.9108675929278
58.00194,8a61ecb9-19be-42c8-83ac-e7a75ff7361a,410.0434046098159,-341.2788659443232
58.335273,8a61ecb9-19be-42c8-83ac-e7a75ff7361a,411.16488562730973,-340.63609850557634
58.668606,8a61ecb9-19be-42c8-83ac-e7a75ff7361a,412.2027766924486,-339.9104328351798
59.001939,8a61ecb9-19be-42c8-83ac-e7a75ff7361a,413.06483298699675,-339.07581846143376
59.335272,8a61ecb9-19be-42c8-83ac-e7a75ff7361a,413.94775335523354,-338.1916568877939
59.668605,8a61ecb9-19be-42c8-83ac-e7a75ff7361a,414.8799549401699,-337.1471959628023
60.001938,8a61ecb9-19be-42c8-83ac-e7a75ff7361a,415.8240097810887,-336.25503872628224
60.335271,8a61ecb9-19be-42c8-83ac-e7a75ff7361a,416.80237586918304,-335.3325156923224
60.668604,8a61ecb9-19be-42c8-83ac-e7a75ff7361a,417.8667333176848,-334.504508283353
61.001937,8a61ecb9-19be-42c8-83ac-e7a75ff7361a,418.88165049333827,-333.70355817813584
61.33527,8a61ecb9-19be-42c8-83ac-e7a75ff7361a,420.0310663577508,-332.99696630824036
61.668603,8a61ecb9-19be-42c8-83ac-e7a75ff7361a,421.25748163029016,-332.3762186231369
62.001936,8a61ecb9-19be-42c8-83ac-e7a75ff7361a,422.53258665063413,-331.55575920175073
62.335269,8a61ecb9-19be-42c8-83ac-e7a75ff7361a,423.72228409821366,-330.6064665871227
62.668602,8a61ecb9-19be-42c8-83ac-e7a75ff7361a,424.7702128868979,-329.77647181021223
54.66861,d3b64d60-f970-4b7f-9d30-e9fb44af7abc,-143.45355838303905,-14.406781341162835
55.001943,d3b64d60-f970-4b7f-9d30-e9fb44af7abc,-145.05889538536738,-13.068846155942898
55.335276,d3b64d60-f970-4b7f-9d30-e9fb44af7abc,-146.45815583682537,-11.667199088336456
55.668609,d3b64d60-f970-4b7f-9d30-e9fb44af7abc,-147.67976045696167,-10.365249486351134
56.001942,d3b64d60-f970-4b7f-9d30-e9fb44af7abc,-149.01524289672753,-9.132894808105629
56.335275,d3b64d60-f970-4b7f-9d30-e9fb44af7abc,-150.3701469017695,-7.904145987587029
56.668608,d3b64d60-f970-4b7f-9d30-e9fb44af7abc,-151.82822940183382,-6.727670660838473
57.001941,d3b64d60-f970-4b7f-9d30-e9fb44af7abc,-153.20447749277173,-5.318207653280574
57.335274,d3b64d60-f970-4b7f-9d30-e9fb44af7abc,-154.23335176392484,-3.8117875136837323
57.668607,d3b64d60-f970-4b7f-9d30-e9fb44af7abc,-154.7832366613442,-2.306077590844296
58.00194,d3b64d60-f970-4b7f-9d30-e9fb44af7abc,-155.36877058941604,-0.5426532035193781
38.668626,57eb3c95-4ede-4760-b79d-1e2b5c158d36,1869.507556296726,-1359.2011677241762
39.001959,57eb3c95-4ede-4760-b79d-1e2b5c158d36,1871.66044647388,-1356.5520846501954
39.335292,57eb3c95-4ede-4760-b79d-1e2b5c158d36,1873.7243008164055,-1353.9222574599553
39.668625,57eb3c95-4ede-4760-b79d-1e2b5c158d36,1875.639556836948,-1351.492964213563
45.668619,21cceaf5-d0fc-49ff-9993-7aa6699afb86,485.7372050946592,1344.0712910307914
46.001952,21cceaf5-d0fc-49ff-9993-7aa6699afb86,486.5695885712722,1343.4850073729428
46.335285,21cceaf5-d0fc-49ff-9993-7aa6699afb86,487.2113006230531,1342.7798202619783
46.668618,21cceaf5-d0fc-49ff-9993-7aa6699afb86,487.951810162677,1342.0665099538348
47.001951,21cceaf5-d0fc-49ff-9993-7aa6699afb86,488.713813750703,1341.144272768844
47.335284,21cceaf5-d0fc-49ff-9993-7aa6699afb86,489.48041646259156,1339.647111928189
47.668617,21cceaf5-d0fc-49ff-9993-7aa6699afb86,490.19074798782634,1337.7460144545055
48.00195,21cceaf5-d0fc-49ff-9993-7aa6699afb86,490.95714942763556,1335.6624885326771
48.335283,21cceaf5-d0fc-49ff-9993-7aa6699afb86,491.7683597189963,1333.3893520085
48.668616,21cceaf5-d0fc-49ff-9993-7aa6699afb86,492.6773729509707,1331.2143332527276
49.001949,21cceaf5-d0fc-49ff-9993-7aa6699afb86,493.50615706800227,1329.2954807258204
49.335282,21cceaf5-d0fc-49ff-9993-7aa6699afb86,494.37310599444857,1327.38329319973
49.668615,21cceaf5-d0fc-49ff-9993-7aa6699afb86,495.4022153862664,1325.7244058386536
50.001948,21cceaf5-d0fc-49ff-9993-7aa6699afb86,496.52932982386125,1324.0103797464008
59.001939,aa5dfac2-bad2-44b9-8635-ad8da1314d1b,-374.52643622374063,-1784.2593256435039
59.001939,ee177d87-c534-4186-8f1b-ea5fe8d1399f,131.59092363267519,253.36989898937284
59.335272,ee177d87-c534-4186-8f1b-ea5fe8d1399f,133.31028425111063,256.3262567974706
59.668605,ee177d87-c534-4186-8f1b-ea5fe8d1399f,135.30995874080378,259.1784741104014
60.001938,ee177d87-c534-4186-8f1b-ea5fe8d1399f,137.39920174768827,261.6381653811974
60.335271,ee177d87-c534-4186-8f1b-ea5fe8d1399f,139.43930956121366,264.19564984082655
60.668604,ee177d87-c534-4186-8f1b-ea5fe8d1399f,141.66248162394584,266.81356993658596
61.001937,ee177d87-c534-4186-8f1b-ea5fe8d1399f,143.83584936701027,269.6840999549782
61.33527,ee177d87-c534-4186-8f1b-ea5fe8d1399f,146.06485088116364,272.73956318906244
61.668603,ee177d87-c534-4186-8f1b-ea5fe8d1399f,148.629164943278,275.82403076130464
62.001936,ee177d87-c534-4186-8f1b-ea5fe8d1399f,151.18334305063408,278.6518353905953
62.335269,ee177d87-c534-4186-8f1b-ea5fe8d1399f,153.7483125290209,281.4248546330649
62.668602,ee177d87-c534-4186-8f1b-ea5fe8d1399f,156.2707464372281,284.2278730223807
63.001935,ee177d87-c534-4186-8f1b-ea5fe8d1399f,158.84523743064958,287.04061102095346
63.335268,ee177d87-c534-4186-8f1b-ea5fe8d1399f,161.20512359084017,289.75456462327014
63.668601,ee177d87-c534-4186-8f1b-ea5fe8d1399f,163.58025689106603,292.46030608543225
64.001934,ee177d87-c534-4186-8f1b-ea5fe8d1399f,165.9355504893214,295.4231234114419
64.335267,ee177d87-c534-4186-8f1b-ea5fe8d1399f,168.4107563847062,298.29755890515503
64.6686,ee177d87-c534-4186-8f1b-ea5fe8d1399f,170.85024860185436,301.2587173859755
65.001933,ee177d87-c534-4186-8f1b-ea5fe8d1399f,173.19709880817751,304.3376770582836
65.335266,ee177d87-c534-4186-8f1b-ea5fe8d1399f,175.19379153875926,307.44625636395745
65.668599,ee177d87-c534-4186-8f1b-ea5fe8d1399f,177.29805071979055,310.5330013142752
66.001932,ee177d87-c534-4186-8f1b-ea5fe8d1399f,179.40607418741612,313.6526069333936
66.335265,ee177d87-c534-4186-8f1b-ea5fe8d1399f,181.75716314400256,316.62455488207735
66.668598,ee177d87-c534-4186-8f1b-ea5fe8d1399f,184.32579807059395,319.57714795806766
67.001931,ee177d87-c534-4186-8f1b-ea5fe8d1399f,186.6155606914258,322.7084005570092
67.335264,ee177d87-c534-4186-8f1b-ea5fe8d1399f,189.05036130372616,326.0508012035834
67.668597,ee177d87-c534-4186-8f1b-ea5fe8d1399f,191.64266778238414,329.4792294686622
68.00193,ee177d87-c534-4186-8f1b-ea5fe8d1399f,194.6151399166923,333.1567155468159
68.335263,ee177d87-c534-4186-8f1b-ea5fe8d1399f,197.7826571102137,336.66938812026035
68.668596,ee177d87-c534-4186-8f1b-ea5fe8d1399f,200.8898623801095,340.03204669077
69.001929,ee177d87-c534-4186-8f1b-ea5fe8d1399f,204.08989277113872,343.19841837914475
69.335262,ee177d87-c534-4186-8f1b-ea5fe8d1399f,207.45663723374184,345.9127666528442
69.668595,ee177d87-c534-4186-8f1b-ea5fe8d1399f,210.87355876629553,348.8510484393286
70.001928,ee177d87-c534-4186-8f1b-ea5fe8d1399f,214.1542234997629,351.8218513379654
70.335261,ee177d87-c534-4186-8f1b-ea5fe8d1399f,217.23642773509476,354.5225365294267
70.668594,ee177d87-c534-4186-8f1b-ea5fe8d1399f,220.1906712161228,357.033143863056
71.001927,ee177d87-c534-4186-8f1b-ea5fe8d1399f,223.17935390781864,359.67356127448403
71.33526,ee177d87-c534-4186-8f1b-ea5fe8d1399f,225.98147503157676,362.3486451496084
71.668593,ee177d87-c534-4186-8f1b-ea5fe8d1399f,228.66553668446642,365.01482009185395
72.001926,ee177d87-c534-4186-8f1b-ea5fe8d1399f,231.47292573143312,367.62017563512507
72.335259,ee177d87-c534-4186-8f1b-ea5fe8d1399f,234.8398820877202,370.28186084199757
72.668592,ee177d87-c534-4186-8f1b-ea5fe8d1399f,238.19266835341028,372.96199532408554
73.001925,ee177d87-c534-4186-8f1b-ea5fe8d1399f,241.65577478756992,375.655796505635
73.335258,ee177d87-c534-4186-8f1b-ea5fe8d1399f,244.98918964499234,378.5006234138488
73.668591,ee177d87-c534-4186-8f1b-ea5fe8d1399f,248.39766599746724,381.3723563427433
74.001924,ee177d87-c534-4186-8f1b-ea5fe8d1399f,251.6626699806252,384.15421860260807
74.335257,ee177d87-c534-4186-8f1b-ea5fe8d1399f,254.7814324499441,387.1614752956819
74.66859,ee177d87-c534-4186-8f1b-ea5fe8d1399f,257.773125527034,390.29870600863336
75.001923,ee177d87-c534-4186-8f1b-ea5fe8d1399f,260.818334887588,393.32262748068644
75.335256,ee177d87-c534-4186-8f1b-ea5fe8d1399f,263.97919742007855,396.54784121321575
75.668589,ee177d87-c534-4186-8f1b-ea5fe8d1399f,267.1733495145892,399.8601658321041
51.001947,f8788572-f8c3-4a62-9fbb-8be872e4dc7c,1080.6789912591123,98.3959509296038
51.33528,f8788572-f8c3-4a62-9fbb-8be872e4dc7c,1084.9553065250007,97.64767623834929
51.668613,f8788572-f8c3-4a62-9fbb-8be872e4dc7c,1089.2570917917894,96.60841455137444
52.001946,f8788572-f8c3-4a62-9fbb-8be872e4dc7c,1093.6977808434879,95.70538197286811
52.335279,f8788572-f8c3-4a62-9fbb-8be872e4dc7c,1098.1939175231837,94.75729078831932
52.668612,f8788572-f8c3-4a62-9fbb-8be872e4dc7c,1102.74443371044,93.8759010930535
53.001945,f8788572-f8c3-4a62-9fbb-8be872e4dc7c,1107.2695592830974,93.1296831627107
53.335278,f8788572-f8c3-4a62-9fbb-8be872e4dc7c,1111.9874664863707,92.35025904802052
53.668611,f8788572-f8c3-4a62-9fbb-8be872e4dc7c,1116.638674494053,91.55455006208412
54.001944,f8788572-f8c3-4a62-9fbb-8be872e4dc7c,1121.2935081830165,90.79622931541834
54.335277,f8788572-f8c3-4a62-9fbb-8be872e4dc7c,1126.0519795553155,90.21463670192362
54.66861,f8788572-f8c3-4a62-9fbb-8be872e4dc7c,1131.0720108920816,89.64178547360221
55.001943,f8788572-f8c3-4a62-9fbb-8be872e4dc7c,1136.0248743955633,89.18161287307359
55.335276,f8788572-f8c3-4a62-9fbb-8be872e4dc7c,1140.9485317497417,88.55084528650902
55.668609,f8788572-f8c3-4a62-9fbb-8be872e4dc7c,1145.733017171576,87.71566354784198
56.001942,f8788572-f8c3-4a62-9fbb-8be872e4dc7c,1150.597498960968,86.87097890816334
56.335275,f8788572-f8c3-4a62-9fbb-8be872e4dc7c,1155.6639606164683,86.06527820471477
56.668608,f8788572-f8c3-4a62-9fbb-8be872e4dc7c,1160.8458966929386,85.44610176697027
57.001941,f8788572-f8c3-4a62-9fbb-8be872e4dc7c,1165.6636458829785,84.8732440218415
57.335274,f8788572-f8c3-4a62-9fbb-8be872e4dc7c,1170.2046240080217,84.33482671585536
57.668607,f8788572-f8c3-4a62-9fbb-8be872e4dc7c,1174.7515522474366,83.8387081197722
58.00194,f8788572-f8c3-4a62-9fbb-8be872e4dc7c,1179.325531646953,83.47490033841865
58.335273,f8788572-f8c3-4a62-9fbb-8be872e4dc7c,1183.9080700518505,83.15512602446026
58.668606,f8788572-f8c3-4a62-9fbb-8be872e4dc7c,1188.5344175567268,83.14857129003
59.001939,f8788572-f8c3-4a62-9fbb-8be872e4dc7c,1193.2549046506406,83.07417554257071
59.335272,f8788572-f8c3-4a62-9fbb-8be872e4dc7c,1198.1600141614765,83.18165663175398
59.668605,f8788572-f8c3-4a62-9fbb-8be872e4dc7c,1203.0671549517356,83.55674976328538
60.001938,f8788572-f8c3-4a62-9fbb-8be872e4dc7c,1207.9631370620543,84.06275081142107
60.335271,f8788572-f8c3-4a62-9fbb-8be872e4dc7c,1212.974029531946,84.47010036027714
60.668604,f8788572-f8c3-4a62-9fbb-8be872e4dc7c,1217.8939221224493,84.7361377250612
32.001966,b6022e71-0c8e-4f42-a0bf-c0c776b50276,127.3085242395576,-1945.0722621737432
32.335299,b6022e71-0c8e-4f42-a0bf-c0c776b50276,128.02613906181358,-1948.8406194960828
32.668632,b6022e71-0c8e-4f42-a0bf-c0c776b50276,128.90039764913269,-1952.502377266011
33.001965,b6022e71-0c8e-4f42-a0bf-c0c776b50276,130.06412562777564,-1956.265098111499
33.335298,b6022e71-0c8e-4f42-a0bf-c0c776b50276,131.492247502491,-1960.07903518158
33.668631,b6022e71-0c8e-4f42-a0bf-c0c776b50276,133.12122202361522,-1963.776503590701
34.001964,b6022e71-0c8e-4f42-a0bf-c0c776b50276,134.96132679934735,-1967.270000975026
34.335297,f63d870c-7dc4-4738-bed1-334bcf83d9a5,-2676.5213650405153,84.96405782088995
34.66863,f63d870c-7dc4-4738-bed1-334bcf83d9a5,-2678.0002129696936,88.62335734088668
35.001963,f63d870c-7dc4-4738-bed1-334bcf83d9a5,-2679.441394873418,92.07698655316895
35.335296,f63d870c-7dc4-4738-bed1-334bcf83d9a5,-2680.8705484659417,95.5207883550353
35.668629,f63d870c-7dc4-4738-bed1-334bcf83d9a5,-2682.270594434131,99.00033955633286
36.001962,f63d870c-7dc4-4738-bed1-334bcf83d9a5,-2683.5802462757238,102.46474367924937
36.335295,f63d870c-7dc4-4738-bed1-334bcf83d9a5,-2684.615462675299,105.81894767324941
29.001969,3df1b953-ed23-452b-b103-15b15df64731,91.03451157733451,936.6325730102084
29.335302,3df1b953-ed23-452b-b103-15b15df64731,93.66290394860148,931.5978294103934
29.668635,3df1b953-ed23-452b-b103-15b15df64731,96.42951126772907,926.5137357137503
1.33533,90ec811c-0f8a-41f6-895b-a47a6ae71a10,-277.38820251439904,-82.74148148245978
54.001944,d7be8a20-0570-4287-871b-3818b8735074,826.2288220660532,116.7826681534819
54.335277,d7be8a20-0570-4287-871b-3818b8735074,838.7156308838054,119.48801856568134
54.66861,d7be8a20-0570-4287-871b-3818b8735074,851.3313090320307,122.2373812695703
55.001943,d7be8a20-0570-4287-871b-3818b8735074,863.8519860115138,125.35235853099924
55.335276,d7be8a20-0570-4287-871b-3818b8735074,876.3355413489654,128.59329034748393
55.668609,d7be8a20-0570-4287-871b-3818b8735074,888.9614400620301,131.82839157955186
56.001942,d7be8a20-0570-4287-871b-3818b8735074,901.4296651897856,135.1793168123486
56.335275,d7be8a20-0570-4287-871b-3818b8735074,913.7218485534956,138.66700371240097
56.668608,d7be8a20-0570-4287-871b-3818b8735074,926.0163549620258,142.29182548959108
57.001941,d7be8a20-0570-4287-871b-3818b8735074,938.3762494056394,146.03784299278104
57.335274,d7be8a20-0570-4287-871b-3818b8735074,950.8564050152072,149.71030938721856
57.668607,d7be8a20-0570-4287-871b-3818b8735074,963.4293104192692,153.33969382267202
58.00194,d7be8a20-0570-4287-871b-3818b8735074,976.2257862566208,156.6660243580451
58.335273,d7be8a20-0570-4287-871b-3818b8735074,988.7977002776221,160.18858752872723
58.668606,d7be8a20-0570-4287-871b-3818b8735074,1001.2422894121568,163.9322707892967
59.001939,d7be8a20-0570-4287-871b-3818b8735074,1013.8747517166149,167.92822977687808
59.335272,d7be8a20-0570-4287-871b-3818b8735074,1026.5908582756902,171.864092370035
59.668605,d7be8a20-0570-4287-871b-3818b8735074,1039.368686239679,175.6265702533256
60.001938,d7be8a20-0570-4287-871b-3818b8735074,1051.9787806622446,179.35772784756045
60.335271,d7be8a20-0570-4287-871b-3818b8735074,1064.4923168463934,183.1118284854191
60.668604,d7be8a20-0570-4287-871b-3818b8735074,1076.839444348162,186.87028242502367
61.001937,d7be8a20-0570-4287-871b-3818b8735074,1089.3551150032622,190.636299468282
61.33527,d7be8a20-0570-4287-871b-3818b8735074,1102.0143190213787,194.42833449700672
61.668603,d7be8a20-0570-4287-871b-3818b8735074,1114.5247082049068,197.99495820187792
62.001936,d7be8a20-0570-4287-871b-3818b8735074,1127.0641857324067,201.65614519072219
62.335269,d7be8a20-0570-4287-871b-3818b8735074,1139.73989668101,205.3219267812853
38.335293,06ab20a4-0d9c-4706-8083-2875c8a6bd75,-44.460170873620484,-1593.75081038187
38.668626,06ab20a4-0d9c-4706-8083-2875c8a6bd75,-43.937360441535326,-1594.932556861409
39.001959,06ab20a4-0d9c-4706-8083-2875c8a6bd75,-43.56491893156331,-1596.294238990699
69.668595,a799f3bd-0b06-413e-8406-f998e1fd3be5,971.884187950536,1999.7737002538142
70.001928,a799f3bd-0b06-413e-8406-f998e1fd3be5,970.1926813590405,2001.223725475463
70.335261,a799f3bd-0b06-413e-8406-f998e1fd3be5,968.6401135308504,2002.7130168604147
70.668594,a799f3bd-0b06-413e-8406-f998e1fd3be5,967.2955305513067,2004.0169667034384
71.001927,a799f3bd-0b06-413e-8406-f998e1fd3be5,965.9944208554158,2005.38477281992
71.33526,a799f3bd-0b06-413e-8406-f998e1fd3be5,964.819290788735,2006.8260731298144
71.668593,a799f3bd-0b06-413e-8406-f998e1fd3be5,963.9164723699065,2008.1432780151576
72.001926,a799f3bd-0b06-413e-8406-f998e1fd3be5,963.0534556812485,2009.566849042083
72.335259,a799f3bd-0b06-413e-8406-f998e1fd3be5,962.1270080929455,2011.3368903915245
72.668592,a799f3bd-0b06-413e-8406-f998e1fd3be5,961.0015121811676,2013.1592530200335
73.001925,a799f3bd-0b06-413e-8406-f998e1fd3be5,959.944154731157,2014.80479694318
73.335258,a799f3bd-0b06-413e-8406-f998e1fd3be5,958.7652057572519,2016.40386469084
73.668591,a799f3bd-0b06-413e-8406-f998e1fd3be5,957.5375059700542,2018.2085349401357
74.001924,a799f3bd-0b06-413e-8406-f998e1fd3be5,956.0284001053138,2019.9251859569124
74.335257,a799f3bd-0b06-413e-8406-f998e1fd3be5,954.4264163730977,2021.6006071216182
74.66859,a799f3bd-0b06-413e-8406-f998e1fd3be5,952.8783876543087,2023.4153525992076
75.001923,a799f3bd-0b06-413e-8406-f998e1fd3be5,951.1831200685657,2025.324172654744
75.335256,a799f3bd-0b06-413e-8406-f998e1fd3be5,949.2596689893601,2027.1795003765722
75.668589,a799f3bd-0b06-413e-8406-f998e1fd3be5,947.4268622597539,2029.2895009066024
76.001922,a799f3bd-0b06-413e-8406-f998e1fd3be5,945.7679712174368,2031.4847797453533
76.335255,a799f3bd-0b06-413e-8406-f998e1fd3be5,943.8970328062593,2033.5676650447406
76.668588,a799f3bd-0b06-413e-8406-f998e1fd3be5,942.2041599416335,2035.7198107764862
77.001921,a799f3bd-0b06-413e-8406-f998e1fd3be5,940.4363686655896,2037.891679581243
12.668652,71deb38d-ba7e-4102-a42c-5d3cd1a8435f,-24.104470071230054,-2915.737751792712
13.001985,71deb38d-ba7e-4102-a42c-5d3cd1a8435f,-27.244392396772934,-2918.841815045105
13.335318,71deb38d-ba7e-4102-a42c-5d3cd1a8435f,-30.649773163548158,-2921.6667102193887
13.668651,71deb38d-ba7e-4102-a42c-5d3cd1a8435f,-33.9432072919602,-2924.604640255369
14.001984,71deb38d-ba7e-4102-a42c-5d3cd1a8435f,-37.367084867398646,-2927.474325285277
14.335317,71deb38d-ba7e-4102-a42c-5d3cd1a8435f,-40.827741755027084,-2930.4025408079783
14.66865,71deb38d-ba7e-4102-a42c-5d3cd1a8435f,-44.10691439532033,-2933.7036501843622
15.001983,71deb38d-ba7e-4102-a42c-5d3cd1a8435f,-47.12516178849316,-2937.2881118015107
15.335316,71deb38d-ba7e-4102-a42c-5d3cd1a8435f,-50.309046449895064,-2940.924305079177
15.668649,71deb38d-ba7e-4102-a42c-5d3cd1a8435f,-53.569036635285094,-2944.460713139488
16.001982,71deb38d-ba7e-4102-a42c-5d3cd1a8435f,-56.91307115964542,-2948.0331769356067
16.335315,71deb38d-ba7e-4102-a42c-5d3cd1a8435f,-60.36889374018654,-2951.578752531729
16.668648,71deb38d-ba7e-4102-a42c-5d3cd1a8435f,-64.15735529569277,-2955.2269628751937
17.001981,71deb38d-ba7e-4102-a42c-5d3cd1a8435f,-68.14855872591531,-2958.850426725742
17.335314,71deb38d-ba7e-4102-a42c-5d3cd1a8435f,-72.2793414470911,-2962.3480635525
17.668647,71deb38d-ba7e-4102-a42c-5d3cd1a8435f,-76.3697507725697,-2965.983597336923
76.335255,08405fc5-f098-4873-8cfb-56cf7087474c,753.9896738415584,1069.7641836162584
76.668588,08405fc5-f098-4873-8cfb-56cf7087474c,753.9695491099733,1063.3015560745096
77.001921,08405fc5-f098-4873-8cfb-56cf7087474c,754.0190605837277,1056.6651749756313
77.335254,08405fc5-f098-4873-8cfb-56cf7087474c,754.0924259065517,1049.867753658933
77.668587,08405fc5-f098-4873-8cfb-56cf7087474c,754.2471463083953,1043.1162095381653
78.00192,08405fc5-f098-4873-8cfb-56cf7087474c,754.3826798762109,1036.651416326895
78.335253,08405fc5-f098-4873-8cfb-56cf7087474c,754.415698667888,1030.2019330138999
78.668586,08405fc5-f098-4873-8cfb-56cf7087474c,754.4675942411139,1023.9399661967169
79.001919,08405fc5-f098-4873-8cfb-56cf7087474c,754.544169633229,1017.7418341476202
79.335252,08405fc5-f098-4873-8cfb-56cf7087474c,754.6449682409534,1011.510405897028
79.668585,08405fc5-f098-4873-8cfb-56cf7087474c,754.9242590197114,1004.8966056722252
80.001918,08405fc5-f098-4873-8cfb-56cf7087474c,755.0880819337833,998.0481346823694
80.335251,08405fc5-f098-4873-8cfb-56cf7087474c,755.1646356928458,991.5636502220913
80.668584,08405fc5-f098-4873-8cfb-56cf7087474c,755.326936404092,985.1922611731912
81.001917,08405fc5-f098-4873-8cfb-56cf7087474c,755.4412933688689,978.7970838655002
39.001959,f8797f10-6483-4894-bf1a-ab24d14db5e2,441.7755476252537,229.49324171430936
39.335292,f8797f10-6483-4894-bf1a-ab24d14db5e2,446.03577251403027,230.35592935592285
39.668625,f8797f10-6483-4894-bf1a-ab24d14db5e2,450.0512325540922,231.05008057929896
40.001958,f8797f10-6483-4894-bf1a-ab24d14db5e2,453.9802706042136,231.92997864694104
40.335291,f8797f10-6483-4894-bf1a-ab24d14db5e2,457.7520305895487,232.66102837392953
40.668624,f8797f10-6483-4894-bf1a-ab24d14db5e2,461.5683517047079,233.2429334157253
41.001957,f8797f10-6483-4894-bf1a-ab24d14db5e2,465.18523533504805,234.1217423567633
41.33529,f8797f10-6483-4894-bf1a-ab24d14db5e2,468.9461611337786,234.95822682529962
41.668623,f8797f10-6483-4894-bf1a-ab24d14db5e2,472.6292119741031,235.76393011912162
42.001956,f8797f10-6483-4894-bf1a-ab24d14db5e2,476.02432558028505,236.76257541088424
42.335289,f8797f10-6483-4894-bf1a-ab24d14db5e2,479.4106211756359,237.6426001758371
42.668622,f8797f10-6483-4894-bf1a-ab24d14db5e2,483.00084555659015,238.47285693701036
43.001955,f8797f10-6483-4894-bf1a-ab24d14db5e2,486.48921758906215,239.62366115816405
43.335288,f8797f10-6483-4894-bf1a-ab24d14db5e2,489.7880414681687,241.12247393175284
43.668621,f8797f10-6483-4894-bf1a-ab24d14db5e2,493.0167866780293,242.74107433582188
44.001954,f8797f10-6483-4894-bf1a-ab24d14db5e2,496.40084053958907,244.52471496430923
44.335287,f8797f10-6483-4894-bf1a-ab24d14db5e2,499.8756424508941,246.57106709655932
44.66862,f8797f10-6483-4894-bf1a-ab24d14db5e2,503.34908784664424,248.72201716793498
45.001953,f8797f10-6483-4894-bf1a-ab24d14db5e2,506.82553270361313,250.8677826064484
45.335286,f8797f10-6483-4894-bf1a-ab24d14db5e2,510.33726971015597,252.87401700881165
45.668619,f8797f10-6483-4894-bf1a-ab24d14db5e2,513.6015040759163,255.03384286691102
46.001952,f8797f10-6483-4894-bf1a-ab24d14db5e2,516.815816651208,257.42419685020457
46.335285,f8797f10-6483-4894-bf1a-ab24d14db5e2,520.1831584851503,259.8801080744112
46.668618,f8797f10-6483-4894-bf1a-ab24d14db5e2,523.8545793967241,262.42255503557334
47.001951,f8797f10-6483-4894-bf1a-ab24d14db5e2,527.5939995249104,265.21804367885215
50.668614,a46a1cf6-1bcb-4afd-8680-d6bf1549ed6a,1748.0205264350936,887.5737667941268
51.001947,a46a1cf6-1bcb-4afd-8680-d6bf1549ed6a,1748.364031700076,888.8362377602442
51.33528,a46a1cf6-1bcb-4afd-8680-d6bf1549ed6a,1748.4815368121556,889.9725003849827
51.668613,a46a1cf6-1bcb-4afd-8680-d6bf1549ed6a,1748.5948610120577,891.0070997252318
52.001946,a46a1cf6-1bcb-4afd-8680-d6bf1549ed6a,1748.9392593437578,891.7550828681149
52.335279,a46a1cf6-1bcb-4afd-8680-d6bf1549ed6a,1749.2909584300965,892.5182565418254
52.668612,a46a1cf6-1bcb-4afd-8680-d6bf1549ed6a,1749.4569079256955,893.2535991003873
53.001945,a46a1cf6-1bcb-4afd-8680-d6bf1549ed6a,1749.5037084650567,894.1460631157255
53.335278,a46a1cf6-1bcb-4afd-8680-d6bf1549ed6a,1749.454275540062,895.1576645872652
53.668611,a46a1cf6-1bcb-4afd-8680-d6bf1549ed6a,1749.2948273781024,896.1692364125146
54.001944,a46a1cf6-1bcb-4afd-8680-d6bf1549ed6a,1749.1962309919795,897.1210730431981
54.335277,a46a1cf6-1bcb-4afd-8680-d6bf1549ed6a,1748.9501685621995,898.4233291205082
54.66861,a46a1cf6-1bcb-4afd-8680-d6bf1549ed6a,1748.7218962251627,899.9081155013265
55.001943,a46a1cf6-1bcb-4afd-8680-d6bf1549ed6a,1748.3687691786072,901.5421543329581
55.335276,a46a1cf6-1bcb-4afd-8680-d6bf1549ed6a,1748.0345874146813,903.1352943247774
55.668609,a46a1cf6-1bcb-4afd-8680-d6bf1549ed6a,1747.9440015651735,904.7049366247924
56.001942,a46a1cf6-1bcb-4afd-8680-d6bf1549ed6a,1747.7593704542526,906.4264280631888
56.335275,a46a1cf6-1bcb-4afd-8680-d6bf1549ed6a,1747.2954062770152,908.3442393255009
56.668608,a46a1cf6-1bcb-4afd-8680-d6bf1549ed6a,1746.5431200682813,910.2225837875709
57.001941,a46a1cf6-1bcb-4afd-8680-d6bf1549ed6a,1745.8016529605413,912.1698358717539
57.335274,a46a1cf6-1bcb-4afd-8680-d6bf1549ed6a,1745.1140315460611,914.2162356764364
57.668607,a46a1cf6-1bcb-4afd-8680-d6bf1549ed6a,1744.7198061117858,916.6101811537275
58.00194,a46a1cf6-1bcb-4afd-8680-d6bf1549ed6a,1744.5103173162543,919.0081056254342
58.335273,a46a1cf6-1bcb-4afd-8680-d6bf1549ed6a,1744.4231415769575,921.3615749152801
58.668606,a46a1cf6-1bcb-4afd-8680-d6bf1549ed6a,1744.1751098121913,923.8743617230152
59.001939,a46a1cf6-1bcb-4afd-8680-d6bf1549ed6a,1743.9771835511917,926.4748493464589
59.335272,a46a1cf6-1bcb-4afd-8680-d6bf1549ed6a,1744.045828895255,929.2195123601263
59.668605,a46a1cf6-1bcb-4afd-8680-d6bf1549ed6a,1743.9018836743805,931.9662194666138
60.001938,a46a1cf6-1bcb-4afd-8680-d6bf1549ed6a,1743.9924901891886,934.9999423043016
60.335271,a46a1cf6-1bcb-4afd-8680-d6bf1549ed6a,1744.2060663599561,937.9805890394282
60.668604,a46a1cf6-1bcb-4afd-8680-d6bf1549ed6a,1744.2917907940202,941.1951553381207
61.001937,a46a1cf6-1bcb-4afd-8680-d6bf1549ed6a,1743.9964342460185,944.5474276343685
61.33527,a46a1cf6-1bcb-4afd-8680-d6bf1549ed6a,1743.5823072828218,948.0079784270148
61.668603,a46a1cf6-1bcb-4afd-8680-d6bf1549ed6a,1743.2622832058942,951.5586936588809
62.001936,a46a1cf6-1bcb-4afd-8680-d6bf1549ed6a,1742.7628449323186,955.0771506642128
62.335269,a46a1cf6-1bcb-4afd-8680-d6bf1549ed6a,1742.241504469745,958.4775973740989
62.668602,a46a1cf6-1bcb-4afd-8680-d6bf1549ed6a,1741.8603269652983,961.6097767534403
63.001935,a46a1cf6-1bcb-4afd-8680-d6bf1549ed6a,1741.6571308389825,964.622065605216
63.335268,a46a1cf6-1bcb-4afd-8680-d6bf1549ed6a,1741.4793608391055,967.7506636534681
63.668601,a46a1cf6-1bcb-4afd-8680-d6bf1549ed6a,1741.188181782462,970.8799175714108
15.335316,71455b06-0938-4496-837b-595301d5bc6e,-525.2646451556335,-906.4947005743282
15.668649,71455b06-0938-4496-837b-595301d5bc6e,-530.8506630643315,-906.3727913371233
16.001982,71455b06-0938-4496-837b-595301d5bc6e,-536.3799169163124,-906.2421788078857
16.335315,71455b06-0938-4496-837b-595301d5bc6e,-541.7819212765693,-906.1755832924546
